External ID,URL
00263d9a0d778706652c72c5ba046e73ad933b5ad14dcff7453075d4a50ed9af,https://raw.githubusercontent.com/indutny/resistenz/master/dataset/raw/00263d9a0d778706652c72c5ba046e73ad933b5ad14dcff7453075d4a50ed9af.jpg
00668189fa175a699a1c9e6ad301c6e4bf2424e477f551f4ef943bfb6e5ac0fa,https://raw.githubusercontent.com/indutny/resistenz/master/dataset/raw/00668189fa175a699a1c9e6ad301c6e4bf2424e477f551f4ef943bfb6e5ac0fa.jpg
00b06809c307a4a0beed2f247ea1a861227c89698e45feb1c696b8898bfa9862,https://raw.githubusercontent.com/indutny/resistenz/master/dataset/raw/00b06809c307a4a0beed2f247ea1a861227c89698e45feb1c696b8898bfa9862.jpg
00d40af7c09d5260dac05920dbb190f27f03925ef67dbb973eb95ad4ed0f37a9,https://raw.githubusercontent.com/indutny/resistenz/master/dataset/raw/00d40af7c09d5260dac05920dbb190f27f03925ef67dbb973eb95ad4ed0f37a9.jpg
01c6daf886692c266ff7fa0b6e03559aa8c444c4eb759ab6185eb7af4a1ca533,https://raw.githubusercontent.com/indutny/resistenz/master/dataset/raw/01c6daf886692c266ff7fa0b6e03559aa8c444c4eb759ab6185eb7af4a1ca533.jpg
01ec4f6a9c98b7fd8b18a3c53a2df28a3555add2437151e4013d573bc9ee2be6,https://raw.githubusercontent.com/indutny/resistenz/master/dataset/raw/01ec4f6a9c98b7fd8b18a3c53a2df28a3555add2437151e4013d573bc9ee2be6.jpg
0280a184874530a9979267ab5e58f813d201c2b3ede18b45b29f39dc6ddcf35d,https://raw.githubusercontent.com/indutny/resistenz/master/dataset/raw/0280a184874530a9979267ab5e58f813d201c2b3ede18b45b29f39dc6ddcf35d.jpg
0344f5c4a027193487c6aa721695be930f057597ddb81382cd66ea94d436dfc8,https://raw.githubusercontent.com/indutny/resistenz/master/dataset/raw/0344f5c4a027193487c6aa721695be930f057597ddb81382cd66ea94d436dfc8.jpg
039bda276d1bc81fec2ec5c9cb33e022b62a3848cfbe48fee0127e974f4c5105,https://raw.githubusercontent.com/indutny/resistenz/master/dataset/raw/039bda276d1bc81fec2ec5c9cb33e022b62a3848cfbe48fee0127e974f4c5105.jpg
0479b2b6bd38ae21da1b24d5162bfe7d0310b30d7a30e322e846303faa65145b,https://raw.githubusercontent.com/indutny/resistenz/master/dataset/raw/0479b2b6bd38ae21da1b24d5162bfe7d0310b30d7a30e322e846303faa65145b.jpg
04d3628fbd0e40359a60c262be99cf0f33bcbc37f95abedfbb007441100afe9b,https://raw.githubusercontent.com/indutny/resistenz/master/dataset/raw/04d3628fbd0e40359a60c262be99cf0f33bcbc37f95abedfbb007441100afe9b.jpg
04ee1e8e44431be489167376743ee7dd5f67cee1b060b313cb6e1d49763a8d2a,https://raw.githubusercontent.com/indutny/resistenz/master/dataset/raw/04ee1e8e44431be489167376743ee7dd5f67cee1b060b313cb6e1d49763a8d2a.jpg
05c5debf37a17f7beba9a6be320bf6cabeed762980c25b6fe9e394031c3f4241,https://raw.githubusercontent.com/indutny/resistenz/master/dataset/raw/05c5debf37a17f7beba9a6be320bf6cabeed762980c25b6fe9e394031c3f4241.jpg
07b9d1f6af90d81150ef15fd502d3362b37b9829647628fde02bbe4bfc98b965,https://raw.githubusercontent.com/indutny/resistenz/master/dataset/raw/07b9d1f6af90d81150ef15fd502d3362b37b9829647628fde02bbe4bfc98b965.jpg
089f1d3385d078566c8996ce0b1af88659264a45e64fa98d92d7e6e3862a1b75,https://raw.githubusercontent.com/indutny/resistenz/master/dataset/raw/089f1d3385d078566c8996ce0b1af88659264a45e64fa98d92d7e6e3862a1b75.jpg
0a89e95502793a85a646fe8c0580ffb259950362c19e48fb17e0b51204587c1c,https://raw.githubusercontent.com/indutny/resistenz/master/dataset/raw/0a89e95502793a85a646fe8c0580ffb259950362c19e48fb17e0b51204587c1c.jpg
0b424b01d4b2bea6ecf6baa314709f31fc40714124ba0e61d94305e5eb5ec421,https://raw.githubusercontent.com/indutny/resistenz/master/dataset/raw/0b424b01d4b2bea6ecf6baa314709f31fc40714124ba0e61d94305e5eb5ec421.jpg
0e512d571be5c49e33d3bc6449e69acef62be49e8de9cc90921cc15ea6281057,https://raw.githubusercontent.com/indutny/resistenz/master/dataset/raw/0e512d571be5c49e33d3bc6449e69acef62be49e8de9cc90921cc15ea6281057.jpg
0f3022e4d2ee2b4f173765f57b547f105b7551224553e709d2136b48d7fd5493,https://raw.githubusercontent.com/indutny/resistenz/master/dataset/raw/0f3022e4d2ee2b4f173765f57b547f105b7551224553e709d2136b48d7fd5493.jpg
101c3d6a23de3143b1d0dd571428abcd0c8fa2def8cc7635dc9a8ef5697eb4fb,https://raw.githubusercontent.com/indutny/resistenz/master/dataset/raw/101c3d6a23de3143b1d0dd571428abcd0c8fa2def8cc7635dc9a8ef5697eb4fb.jpg
111d01fbfdba20ffba108e1ec8c7ebce1738db3354978cee701f10b1fa72955d,https://raw.githubusercontent.com/indutny/resistenz/master/dataset/raw/111d01fbfdba20ffba108e1ec8c7ebce1738db3354978cee701f10b1fa72955d.jpg
12413df372e61383dc82f0a8dc474b845e771db95fa0f70b5f50a16c4f69be87,https://raw.githubusercontent.com/indutny/resistenz/master/dataset/raw/12413df372e61383dc82f0a8dc474b845e771db95fa0f70b5f50a16c4f69be87.jpg
12ee3c11e6796610221c14f5f19e32cc928fddb62c92607f5e2afedc1ead50b7,https://raw.githubusercontent.com/indutny/resistenz/master/dataset/raw/12ee3c11e6796610221c14f5f19e32cc928fddb62c92607f5e2afedc1ead50b7.jpg
13519088b5d3cfa76264e579a6593f7e1a2ad75533c42e30db6709295b68f8d0,https://raw.githubusercontent.com/indutny/resistenz/master/dataset/raw/13519088b5d3cfa76264e579a6593f7e1a2ad75533c42e30db6709295b68f8d0.jpg
13b586eb9aa623bb592cfd834641f0acdda3bb1cec7755688a1ef5cc69f14145,https://raw.githubusercontent.com/indutny/resistenz/master/dataset/raw/13b586eb9aa623bb592cfd834641f0acdda3bb1cec7755688a1ef5cc69f14145.jpg
146aec5c9b3b4b646921eabe2e8575c513d9d5df52d232b46f0acf98a7a411f3,https://raw.githubusercontent.com/indutny/resistenz/master/dataset/raw/146aec5c9b3b4b646921eabe2e8575c513d9d5df52d232b46f0acf98a7a411f3.jpg
14b70d0791bc34748bf31695868372e88ae8e4324384eaa56ccfa5fe9f818bf9,https://raw.githubusercontent.com/indutny/resistenz/master/dataset/raw/14b70d0791bc34748bf31695868372e88ae8e4324384eaa56ccfa5fe9f818bf9.jpg
1579a657a4871d5e5c826db2a9758502d6bed47838a2363f8ba51f289c52649d,https://raw.githubusercontent.com/indutny/resistenz/master/dataset/raw/1579a657a4871d5e5c826db2a9758502d6bed47838a2363f8ba51f289c52649d.jpg
15e00a8299b738229c5da2dee611047a3558fc26419389b2cb5afec9a8f3c280,https://raw.githubusercontent.com/indutny/resistenz/master/dataset/raw/15e00a8299b738229c5da2dee611047a3558fc26419389b2cb5afec9a8f3c280.jpg
160e2e526407f79ade1c89f3c77f3a8ad09788802cb99e7343f70d3ecc41053d,https://raw.githubusercontent.com/indutny/resistenz/master/dataset/raw/160e2e526407f79ade1c89f3c77f3a8ad09788802cb99e7343f70d3ecc41053d.jpg
16ddd1069ae0718e6e9307e54d64e7bef2aed7e4484403b031208aa9593e23af,https://raw.githubusercontent.com/indutny/resistenz/master/dataset/raw/16ddd1069ae0718e6e9307e54d64e7bef2aed7e4484403b031208aa9593e23af.jpg
17d7b187dfc8aa944698775c02369fcadfa58edad2907ca142439c63585032e8,https://raw.githubusercontent.com/indutny/resistenz/master/dataset/raw/17d7b187dfc8aa944698775c02369fcadfa58edad2907ca142439c63585032e8.jpg
17e80158a85fcca4ae11df8d5dfb8275abe66ae043cce1b13403461d647a845d,https://raw.githubusercontent.com/indutny/resistenz/master/dataset/raw/17e80158a85fcca4ae11df8d5dfb8275abe66ae043cce1b13403461d647a845d.jpg
17f4e16f7a56b82147d5f2fe2c067889a60fc4f9945b6335e5206e439fa0fbdc,https://raw.githubusercontent.com/indutny/resistenz/master/dataset/raw/17f4e16f7a56b82147d5f2fe2c067889a60fc4f9945b6335e5206e439fa0fbdc.jpg
1844b4b150dbdd90481a758935a76b97324dc017f2c64e2ec8104bdd49799801,https://raw.githubusercontent.com/indutny/resistenz/master/dataset/raw/1844b4b150dbdd90481a758935a76b97324dc017f2c64e2ec8104bdd49799801.jpg
188a57899dd0a0d250d39841a6b0d097aafdc2bd394d663763bb544ac44abdf2,https://raw.githubusercontent.com/indutny/resistenz/master/dataset/raw/188a57899dd0a0d250d39841a6b0d097aafdc2bd394d663763bb544ac44abdf2.jpg
19b3792fdc15de05644208436ab8f45f2039abb5ef8372f5684050413a6e1874,https://raw.githubusercontent.com/indutny/resistenz/master/dataset/raw/19b3792fdc15de05644208436ab8f45f2039abb5ef8372f5684050413a6e1874.jpg
1bd6b359f095deb47d38a9561100e88cc2fa474fc13d1ed2c2b6b9568f8df88e,https://raw.githubusercontent.com/indutny/resistenz/master/dataset/raw/1bd6b359f095deb47d38a9561100e88cc2fa474fc13d1ed2c2b6b9568f8df88e.jpg
1c3652b671e33487bc65ee6143540ab5b7ae2821328f7be2846d61863f375194,https://raw.githubusercontent.com/indutny/resistenz/master/dataset/raw/1c3652b671e33487bc65ee6143540ab5b7ae2821328f7be2846d61863f375194.jpg
1d5bdef534438cbf586ccf2764349c4c94b4c950d704608175608addab1eea64,https://raw.githubusercontent.com/indutny/resistenz/master/dataset/raw/1d5bdef534438cbf586ccf2764349c4c94b4c950d704608175608addab1eea64.jpg
1de4c0fa096f5314f56d19b594d79557ef86d754a513bebc2952ecaf0c5f36fe,https://raw.githubusercontent.com/indutny/resistenz/master/dataset/raw/1de4c0fa096f5314f56d19b594d79557ef86d754a513bebc2952ecaf0c5f36fe.jpg
1eab1c525e11b320bdf852e9c942721d032a41fca73e5e63d8216588850e6c6e,https://raw.githubusercontent.com/indutny/resistenz/master/dataset/raw/1eab1c525e11b320bdf852e9c942721d032a41fca73e5e63d8216588850e6c6e.jpg
1ed77b31f401946e6858c78b7b9b4739eebf4d98af49ee0232f6710390703ec4,https://raw.githubusercontent.com/indutny/resistenz/master/dataset/raw/1ed77b31f401946e6858c78b7b9b4739eebf4d98af49ee0232f6710390703ec4.jpg
1f70cf0985727905835e95b56303aa9c92e54d8c80b0d1c6a27448c4101dc155,https://raw.githubusercontent.com/indutny/resistenz/master/dataset/raw/1f70cf0985727905835e95b56303aa9c92e54d8c80b0d1c6a27448c4101dc155.jpg
206d129af1e685e41d9719aa96325df650fe0677a2c98acf60d51a5dab8071f4,https://raw.githubusercontent.com/indutny/resistenz/master/dataset/raw/206d129af1e685e41d9719aa96325df650fe0677a2c98acf60d51a5dab8071f4.jpg
2087288c17f30d1d60674db7d3313f031cad3eabd76e3027efdb187b1a5cbca3,https://raw.githubusercontent.com/indutny/resistenz/master/dataset/raw/2087288c17f30d1d60674db7d3313f031cad3eabd76e3027efdb187b1a5cbca3.jpg
236289362f05575c5e4fcc0f8fb7809e1278a852ad90158d76d012c887a5c4cc,https://raw.githubusercontent.com/indutny/resistenz/master/dataset/raw/236289362f05575c5e4fcc0f8fb7809e1278a852ad90158d76d012c887a5c4cc.jpg
236395ba54a3e15fd0c7fbb6d4551be51e04162e34c9131a205789644fe88eed,https://raw.githubusercontent.com/indutny/resistenz/master/dataset/raw/236395ba54a3e15fd0c7fbb6d4551be51e04162e34c9131a205789644fe88eed.jpg
240840f838836cad4b45048bf9bd8832fad34cc9da0eb4aedb6ad2e13a86a0f2,https://raw.githubusercontent.com/indutny/resistenz/master/dataset/raw/240840f838836cad4b45048bf9bd8832fad34cc9da0eb4aedb6ad2e13a86a0f2.jpg
2497d7c7c2a37e66b05c98bc6cbda271885cb340eb5aa15c1b750b0280158670,https://raw.githubusercontent.com/indutny/resistenz/master/dataset/raw/2497d7c7c2a37e66b05c98bc6cbda271885cb340eb5aa15c1b750b0280158670.jpg
24f5ca3d32356944eb3a99627704c38a3309165567926dff3dbb01c435806656,https://raw.githubusercontent.com/indutny/resistenz/master/dataset/raw/24f5ca3d32356944eb3a99627704c38a3309165567926dff3dbb01c435806656.jpg
253020478a7126b036eca28c58f69f99fbbefb191b6f1eeac8c458b18c26f20e,https://raw.githubusercontent.com/indutny/resistenz/master/dataset/raw/253020478a7126b036eca28c58f69f99fbbefb191b6f1eeac8c458b18c26f20e.jpg
25e88a9d77d9846a715b02cd5d984ae8be44edd881d03efb0909b3a0f203480e,https://raw.githubusercontent.com/indutny/resistenz/master/dataset/raw/25e88a9d77d9846a715b02cd5d984ae8be44edd881d03efb0909b3a0f203480e.jpg
27286156fb55edbee00a60c045d5347ef9b78c2e1a66d97dcfb1552dbb23fa39,https://raw.githubusercontent.com/indutny/resistenz/master/dataset/raw/27286156fb55edbee00a60c045d5347ef9b78c2e1a66d97dcfb1552dbb23fa39.jpg
272a57adf689f75eb2845bd5aac223c017110643a27b63ec3cdf3614a300f076,https://raw.githubusercontent.com/indutny/resistenz/master/dataset/raw/272a57adf689f75eb2845bd5aac223c017110643a27b63ec3cdf3614a300f076.jpg
285ca4c9c1ef848c4095cb5fa2d43aad1b697c6e914513f5a55597dfdf0946d2,https://raw.githubusercontent.com/indutny/resistenz/master/dataset/raw/285ca4c9c1ef848c4095cb5fa2d43aad1b697c6e914513f5a55597dfdf0946d2.jpg
28d01cd831c7576c45813e9855e3cc345f80f8fcd34d8d51493f51e6fe73c7fb,https://raw.githubusercontent.com/indutny/resistenz/master/dataset/raw/28d01cd831c7576c45813e9855e3cc345f80f8fcd34d8d51493f51e6fe73c7fb.jpg
290d4795ab35aaa1c682f6e4bd211a9950dbb64117f555b67b4d976594468bf7,https://raw.githubusercontent.com/indutny/resistenz/master/dataset/raw/290d4795ab35aaa1c682f6e4bd211a9950dbb64117f555b67b4d976594468bf7.jpg
29788652ca9a8e5d6ca8f9a9c2c38d06d16945d6882f2a1685f75642ee7697a9,https://raw.githubusercontent.com/indutny/resistenz/master/dataset/raw/29788652ca9a8e5d6ca8f9a9c2c38d06d16945d6882f2a1685f75642ee7697a9.jpg
2a31220ae5fa84fc4ca3b2be13666fa1bbdd346118fb0665f54f40dbe5503c24,https://raw.githubusercontent.com/indutny/resistenz/master/dataset/raw/2a31220ae5fa84fc4ca3b2be13666fa1bbdd346118fb0665f54f40dbe5503c24.jpg
2c0b4fe6ef55f88b372aa29173bdea72e77ec92a1a0131b8668cd5e47a080295,https://raw.githubusercontent.com/indutny/resistenz/master/dataset/raw/2c0b4fe6ef55f88b372aa29173bdea72e77ec92a1a0131b8668cd5e47a080295.jpg
2c714a9e15592684b9ada143411c5079873205b5c586cdc600a29389e04bfba8,https://raw.githubusercontent.com/indutny/resistenz/master/dataset/raw/2c714a9e15592684b9ada143411c5079873205b5c586cdc600a29389e04bfba8.jpg
2d40caee121fe0677ba8cd9ebeabf9c9b41e15dab5d152066ec761b9d3c15b1d,https://raw.githubusercontent.com/indutny/resistenz/master/dataset/raw/2d40caee121fe0677ba8cd9ebeabf9c9b41e15dab5d152066ec761b9d3c15b1d.jpg
2eff0a6de8ee0acb50f42fb07c1861a643dd756a5c8c1a5af00c6868b6aeece9,https://raw.githubusercontent.com/indutny/resistenz/master/dataset/raw/2eff0a6de8ee0acb50f42fb07c1861a643dd756a5c8c1a5af00c6868b6aeece9.jpg
2fdf76f57edb9d3589a6b8eec26004752f060e56e817061ed94ebca3237093ce,https://raw.githubusercontent.com/indutny/resistenz/master/dataset/raw/2fdf76f57edb9d3589a6b8eec26004752f060e56e817061ed94ebca3237093ce.jpg
3207ccd2420067b76ee827ef12f67772d96bccc0f2d0f43dac3b93d7eb8a6dec,https://raw.githubusercontent.com/indutny/resistenz/master/dataset/raw/3207ccd2420067b76ee827ef12f67772d96bccc0f2d0f43dac3b93d7eb8a6dec.jpg
32b0aa5d262e14a6f4537dcdea8cecf8a04b25fe887af3cd7edfaa260e2ca3f3,https://raw.githubusercontent.com/indutny/resistenz/master/dataset/raw/32b0aa5d262e14a6f4537dcdea8cecf8a04b25fe887af3cd7edfaa260e2ca3f3.jpg
33338637bc1d7ff4dc6e3845e1f20b714949432b431ba50a6a6932a2917657a4,https://raw.githubusercontent.com/indutny/resistenz/master/dataset/raw/33338637bc1d7ff4dc6e3845e1f20b714949432b431ba50a6a6932a2917657a4.jpg
33bd70f89c755e9256d96e053df14b61181f4aa12279243f60966b420325451b,https://raw.githubusercontent.com/indutny/resistenz/master/dataset/raw/33bd70f89c755e9256d96e053df14b61181f4aa12279243f60966b420325451b.jpg
3504f5fb50f976663cab326088fb8bcaf7a6f83f4b5859198f568a740259e28c,https://raw.githubusercontent.com/indutny/resistenz/master/dataset/raw/3504f5fb50f976663cab326088fb8bcaf7a6f83f4b5859198f568a740259e28c.jpg
3550fafa35c5fa7d2ac52a4321b2a1cb2c2c189f912bca5dafd4b68b4e3ffb8f,https://raw.githubusercontent.com/indutny/resistenz/master/dataset/raw/3550fafa35c5fa7d2ac52a4321b2a1cb2c2c189f912bca5dafd4b68b4e3ffb8f.jpg
372fc239f527f36e7d4380d5bd989aa6977ab8de96a74ea4793ce6dd92cd4350,https://raw.githubusercontent.com/indutny/resistenz/master/dataset/raw/372fc239f527f36e7d4380d5bd989aa6977ab8de96a74ea4793ce6dd92cd4350.jpg
3735900286525de8631c449e20be4c10b8374311ce4af231e17d379afbf9ae48,https://raw.githubusercontent.com/indutny/resistenz/master/dataset/raw/3735900286525de8631c449e20be4c10b8374311ce4af231e17d379afbf9ae48.jpg
3878852b8884cc6838872def17194babe90abdf5e868088d0b368746339f2945,https://raw.githubusercontent.com/indutny/resistenz/master/dataset/raw/3878852b8884cc6838872def17194babe90abdf5e868088d0b368746339f2945.jpg
3904c72dea79f3ff72f9e9326373e1dbdf563ca58eb327136170f34f66abeee8,https://raw.githubusercontent.com/indutny/resistenz/master/dataset/raw/3904c72dea79f3ff72f9e9326373e1dbdf563ca58eb327136170f34f66abeee8.jpg
3932d1be4faa2954e1aaf07eb8f58a0cf795ff2e530b18091f423f52c83853e2,https://raw.githubusercontent.com/indutny/resistenz/master/dataset/raw/3932d1be4faa2954e1aaf07eb8f58a0cf795ff2e530b18091f423f52c83853e2.jpg
39514864e0799ef23ac81fc6a2117e70feab42d4ecfc8fe1a80b83e080f372fb,https://raw.githubusercontent.com/indutny/resistenz/master/dataset/raw/39514864e0799ef23ac81fc6a2117e70feab42d4ecfc8fe1a80b83e080f372fb.jpg
39fa4814762a11afbf5702b23ed0ea212792c309f16519a796c38abaf71aaebe,https://raw.githubusercontent.com/indutny/resistenz/master/dataset/raw/39fa4814762a11afbf5702b23ed0ea212792c309f16519a796c38abaf71aaebe.jpg
3ad9be3d9f62b73c072f41eefb932086da26e69b744cd77eae33e385791adbda,https://raw.githubusercontent.com/indutny/resistenz/master/dataset/raw/3ad9be3d9f62b73c072f41eefb932086da26e69b744cd77eae33e385791adbda.jpg
3b702b9dd23cfc94303795879d37f392455d56155f45f673995426796a57b6b0,https://raw.githubusercontent.com/indutny/resistenz/master/dataset/raw/3b702b9dd23cfc94303795879d37f392455d56155f45f673995426796a57b6b0.jpg
3bdfeb7f7998071b3bce1a142abea932339def05800705b13fcd310f9e305ee9,https://raw.githubusercontent.com/indutny/resistenz/master/dataset/raw/3bdfeb7f7998071b3bce1a142abea932339def05800705b13fcd310f9e305ee9.jpg
3c1f070f5fea13bb12360d2008c6ae95f70a147501badd3c68cddd443c78f3fb,https://raw.githubusercontent.com/indutny/resistenz/master/dataset/raw/3c1f070f5fea13bb12360d2008c6ae95f70a147501badd3c68cddd443c78f3fb.jpg
3c58db3a3b5ec6bebf05c875140f820b6dcc86c60bf08f894fb6a714591a27bf,https://raw.githubusercontent.com/indutny/resistenz/master/dataset/raw/3c58db3a3b5ec6bebf05c875140f820b6dcc86c60bf08f894fb6a714591a27bf.jpg
3cef95d42b9eb2603a36ca1350d2c06959274a05e0efa4092a31b595d12228f7,https://raw.githubusercontent.com/indutny/resistenz/master/dataset/raw/3cef95d42b9eb2603a36ca1350d2c06959274a05e0efa4092a31b595d12228f7.jpg
3cf288ca2f1b492b18a240e72af9e24188c3b0a9a9583f25b82ee3e9db3eae7e,https://raw.githubusercontent.com/indutny/resistenz/master/dataset/raw/3cf288ca2f1b492b18a240e72af9e24188c3b0a9a9583f25b82ee3e9db3eae7e.jpg
3d0c1b26c255bb35e23f51bd881f27d502ad484d7c66bb7927760bbace8ff999,https://raw.githubusercontent.com/indutny/resistenz/master/dataset/raw/3d0c1b26c255bb35e23f51bd881f27d502ad484d7c66bb7927760bbace8ff999.jpg
3d3d19871abdac8dbd5c7a58e8be0e8da90fc787ebdfeefcb6c6ffc83d3a4a25,https://raw.githubusercontent.com/indutny/resistenz/master/dataset/raw/3d3d19871abdac8dbd5c7a58e8be0e8da90fc787ebdfeefcb6c6ffc83d3a4a25.jpg
3e671a42d53ca8ba2aaa9a7741c0b18e6ea0dd8dc8b84b4ce9aba9f81f0b90b3,https://raw.githubusercontent.com/indutny/resistenz/master/dataset/raw/3e671a42d53ca8ba2aaa9a7741c0b18e6ea0dd8dc8b84b4ce9aba9f81f0b90b3.jpg
3fcb04dddd370cb2a16801743fe9124b155f07a0cfdd061b03065c8767b0afa6,https://raw.githubusercontent.com/indutny/resistenz/master/dataset/raw/3fcb04dddd370cb2a16801743fe9124b155f07a0cfdd061b03065c8767b0afa6.jpg
408143b5a3f35445e91de7a96e167af5f6660a800cee009bc0edb9340e3493ac,https://raw.githubusercontent.com/indutny/resistenz/master/dataset/raw/408143b5a3f35445e91de7a96e167af5f6660a800cee009bc0edb9340e3493ac.jpg
40ef0a752e7b5380607de74537424b455fdc5c840a5f168c1347a3680a86fc62,https://raw.githubusercontent.com/indutny/resistenz/master/dataset/raw/40ef0a752e7b5380607de74537424b455fdc5c840a5f168c1347a3680a86fc62.jpg
4187a5e367f4f00786a71b22d0e11cedea2ca82acbc55a08980d2924cc1b4de6,https://raw.githubusercontent.com/indutny/resistenz/master/dataset/raw/4187a5e367f4f00786a71b22d0e11cedea2ca82acbc55a08980d2924cc1b4de6.jpg
42d479ec1fdf12beac4e0af7c066fa921a09a7863d5eca14ee799dedb275ec23,https://raw.githubusercontent.com/indutny/resistenz/master/dataset/raw/42d479ec1fdf12beac4e0af7c066fa921a09a7863d5eca14ee799dedb275ec23.jpg
435e9b19cb4e58bd2d9b5943272b7725367754f98a65855969d4b3092eab6f11,https://raw.githubusercontent.com/indutny/resistenz/master/dataset/raw/435e9b19cb4e58bd2d9b5943272b7725367754f98a65855969d4b3092eab6f11.jpg
43e46b5457c0cea35c529f37ab07d22fd69ed57c4425d701615a04ff75f023b3,https://raw.githubusercontent.com/indutny/resistenz/master/dataset/raw/43e46b5457c0cea35c529f37ab07d22fd69ed57c4425d701615a04ff75f023b3.jpg
45a8cd647d27dd3db2e6be6a85466771d709433365cd679d611dc223d10e7f91,https://raw.githubusercontent.com/indutny/resistenz/master/dataset/raw/45a8cd647d27dd3db2e6be6a85466771d709433365cd679d611dc223d10e7f91.jpg
45cef8932d10678f6835035e0cc2f9ad7d65c3e8de33517486202b2484784ae4,https://raw.githubusercontent.com/indutny/resistenz/master/dataset/raw/45cef8932d10678f6835035e0cc2f9ad7d65c3e8de33517486202b2484784ae4.jpg
45de94bb340beeb1cc8fbd74084b3e15ca48cbf88c531ba7d956ec5ccb4985cf,https://raw.githubusercontent.com/indutny/resistenz/master/dataset/raw/45de94bb340beeb1cc8fbd74084b3e15ca48cbf88c531ba7d956ec5ccb4985cf.jpg
46d71ed7476aa89b697076f625a2d216d5b0aa6becb6eae4cd84c1e1d3c6f27b,https://raw.githubusercontent.com/indutny/resistenz/master/dataset/raw/46d71ed7476aa89b697076f625a2d216d5b0aa6becb6eae4cd84c1e1d3c6f27b.jpg
48b7aff87817a63fe1cfcc4e6d987212c7774951aafff0106712d39ad6607f83,https://raw.githubusercontent.com/indutny/resistenz/master/dataset/raw/48b7aff87817a63fe1cfcc4e6d987212c7774951aafff0106712d39ad6607f83.jpg
495a2b588e2fc6d0ffc9b0066fd311d8bdff92f4d5d48245bbddac3b42f323b3,https://raw.githubusercontent.com/indutny/resistenz/master/dataset/raw/495a2b588e2fc6d0ffc9b0066fd311d8bdff92f4d5d48245bbddac3b42f323b3.jpg
4a06fc4e9d911ba214e4806b7607278caea34703dfef10acee2da9d286a6c31a,https://raw.githubusercontent.com/indutny/resistenz/master/dataset/raw/4a06fc4e9d911ba214e4806b7607278caea34703dfef10acee2da9d286a6c31a.jpg
4a14ff03d86a1d48b359abe9e6904de8bb69a8a0d831310e1fdf71cb306deb06,https://raw.githubusercontent.com/indutny/resistenz/master/dataset/raw/4a14ff03d86a1d48b359abe9e6904de8bb69a8a0d831310e1fdf71cb306deb06.jpg
4a45e7abb27b9bcd09dca3cf37f212d499b3e03a309186cf497be574073d034e,https://raw.githubusercontent.com/indutny/resistenz/master/dataset/raw/4a45e7abb27b9bcd09dca3cf37f212d499b3e03a309186cf497be574073d034e.jpg
4a817ab92f2278016a187ebb5ccc087884ef9a16df3fd339c4d6adee5c9a7fde,https://raw.githubusercontent.com/indutny/resistenz/master/dataset/raw/4a817ab92f2278016a187ebb5ccc087884ef9a16df3fd339c4d6adee5c9a7fde.jpg
4ac45c993e2c9305c6de628fdf5f7184455b4d9795c6d2e8fa3d44bbad9c2403,https://raw.githubusercontent.com/indutny/resistenz/master/dataset/raw/4ac45c993e2c9305c6de628fdf5f7184455b4d9795c6d2e8fa3d44bbad9c2403.jpg
4b3fbd1503aa072b4f7b1ba9ca93529074371f226928db53635ea684adcad13e,https://raw.githubusercontent.com/indutny/resistenz/master/dataset/raw/4b3fbd1503aa072b4f7b1ba9ca93529074371f226928db53635ea684adcad13e.jpg
4b5ebde8edf31ce5f141a46170d90e7176196872141958d4ea3dcba2bbf3a76a,https://raw.githubusercontent.com/indutny/resistenz/master/dataset/raw/4b5ebde8edf31ce5f141a46170d90e7176196872141958d4ea3dcba2bbf3a76a.jpg
4c1bbd1791d2e1d4dc996cf98f9562bf2ccb538d322ae1f08040d04a9ab6a282,https://raw.githubusercontent.com/indutny/resistenz/master/dataset/raw/4c1bbd1791d2e1d4dc996cf98f9562bf2ccb538d322ae1f08040d04a9ab6a282.jpg
4db234cbbcbb9712756eb148ade78b6a23b083380c748a26607885f2d0223329,https://raw.githubusercontent.com/indutny/resistenz/master/dataset/raw/4db234cbbcbb9712756eb148ade78b6a23b083380c748a26607885f2d0223329.jpg
4f463a1146afc3de2da2b7b903e56ecd81838232f9c709026893cd046905ab10,https://raw.githubusercontent.com/indutny/resistenz/master/dataset/raw/4f463a1146afc3de2da2b7b903e56ecd81838232f9c709026893cd046905ab10.jpg
4fa289f44734148a3fde26e1f97a69d19fb9f4ed8e86dab64611e459bef0d76f,https://raw.githubusercontent.com/indutny/resistenz/master/dataset/raw/4fa289f44734148a3fde26e1f97a69d19fb9f4ed8e86dab64611e459bef0d76f.jpg
506c92ac059a405be314e1fca14f08918990ae2a060ed27f25a84459bdb13b20,https://raw.githubusercontent.com/indutny/resistenz/master/dataset/raw/506c92ac059a405be314e1fca14f08918990ae2a060ed27f25a84459bdb13b20.jpg
512fd49374a017a8e249b62399cb4b5cfac37d3cac89bb9386058a4cc18afe7d,https://raw.githubusercontent.com/indutny/resistenz/master/dataset/raw/512fd49374a017a8e249b62399cb4b5cfac37d3cac89bb9386058a4cc18afe7d.jpg
514ae8edd0c828f69f0ccbcc4386ff681d20ed047eecac67c92b45d7518b4f19,https://raw.githubusercontent.com/indutny/resistenz/master/dataset/raw/514ae8edd0c828f69f0ccbcc4386ff681d20ed047eecac67c92b45d7518b4f19.jpg
5213fb128185328313a6276d0991cfa316b99a9685fe0ef33b62133aec5cb40a,https://raw.githubusercontent.com/indutny/resistenz/master/dataset/raw/5213fb128185328313a6276d0991cfa316b99a9685fe0ef33b62133aec5cb40a.jpg
5237e4a00ae0228d2bb20c16bb87b304d413898f966494c850e3fa55d204c9d4,https://raw.githubusercontent.com/indutny/resistenz/master/dataset/raw/5237e4a00ae0228d2bb20c16bb87b304d413898f966494c850e3fa55d204c9d4.jpg
526d32c4afffabec2e2d50fb8b438ad518995bd2c1dda0e3feccd03eacdd27c8,https://raw.githubusercontent.com/indutny/resistenz/master/dataset/raw/526d32c4afffabec2e2d50fb8b438ad518995bd2c1dda0e3feccd03eacdd27c8.jpg
5319ecfbf8ca8ebb8689288180689f127331c8bc0124d26e9b1680ccf8354859,https://raw.githubusercontent.com/indutny/resistenz/master/dataset/raw/5319ecfbf8ca8ebb8689288180689f127331c8bc0124d26e9b1680ccf8354859.jpg
54ae6dc071252a908b24cf465023f0a274a24301cba12fa09198e3d9aee5dc74,https://raw.githubusercontent.com/indutny/resistenz/master/dataset/raw/54ae6dc071252a908b24cf465023f0a274a24301cba12fa09198e3d9aee5dc74.jpg
54b59e62b4fd7c158785df012d59787b286d86750c13f2d61616b46f1b0ca0d8,https://raw.githubusercontent.com/indutny/resistenz/master/dataset/raw/54b59e62b4fd7c158785df012d59787b286d86750c13f2d61616b46f1b0ca0d8.jpg
55511d67f8d730d386cb93a6f5166986362bfb621549151621fec2edd9836a5c,https://raw.githubusercontent.com/indutny/resistenz/master/dataset/raw/55511d67f8d730d386cb93a6f5166986362bfb621549151621fec2edd9836a5c.jpg
568105e88d5a2bb96bcba54b119ef786c0ecf990dd4974bee65a6607a898945e,https://raw.githubusercontent.com/indutny/resistenz/master/dataset/raw/568105e88d5a2bb96bcba54b119ef786c0ecf990dd4974bee65a6607a898945e.jpg
5736e147b59fbc329fdb7aebc357103a164366596b9777d19737ae2a2068494c,https://raw.githubusercontent.com/indutny/resistenz/master/dataset/raw/5736e147b59fbc329fdb7aebc357103a164366596b9777d19737ae2a2068494c.jpg
57481874c81ae1ae2e7b2fdf11256283a3b067668da5125a26487928739abed3,https://raw.githubusercontent.com/indutny/resistenz/master/dataset/raw/57481874c81ae1ae2e7b2fdf11256283a3b067668da5125a26487928739abed3.jpg
57aa3b11fb054938c39badb0c207c7dc03aee0853859411a1e00250d77615052,https://raw.githubusercontent.com/indutny/resistenz/master/dataset/raw/57aa3b11fb054938c39badb0c207c7dc03aee0853859411a1e00250d77615052.jpg
5a60d4ab45f9f8f93aafa728db78021d0690f2b2f7a6ba32467b2ab0234c87a2,https://raw.githubusercontent.com/indutny/resistenz/master/dataset/raw/5a60d4ab45f9f8f93aafa728db78021d0690f2b2f7a6ba32467b2ab0234c87a2.jpg
5a9c180f379796496cf8d9451e9ebda047c4e962a748e63dee1ee34b033a35be,https://raw.githubusercontent.com/indutny/resistenz/master/dataset/raw/5a9c180f379796496cf8d9451e9ebda047c4e962a748e63dee1ee34b033a35be.jpg
5aa3e63931bfb31fd57201e734422df74060a9375cb496cd34257d832d2b981d,https://raw.githubusercontent.com/indutny/resistenz/master/dataset/raw/5aa3e63931bfb31fd57201e734422df74060a9375cb496cd34257d832d2b981d.jpg
5b01d2127c40278286e4f12b94db3ae0e7717ffd4e1a29f1553eb0aceca13c97,https://raw.githubusercontent.com/indutny/resistenz/master/dataset/raw/5b01d2127c40278286e4f12b94db3ae0e7717ffd4e1a29f1553eb0aceca13c97.jpg
5c7c71d664ffe9e3ae1b8175d3724dc3c7aaa2931f6bd26f2adeafa5a9ca38a3,https://raw.githubusercontent.com/indutny/resistenz/master/dataset/raw/5c7c71d664ffe9e3ae1b8175d3724dc3c7aaa2931f6bd26f2adeafa5a9ca38a3.jpg
5e8eca6b56b5a625e1f883bbcfe013c51e489662e0d7422dfb6e16313812fe25,https://raw.githubusercontent.com/indutny/resistenz/master/dataset/raw/5e8eca6b56b5a625e1f883bbcfe013c51e489662e0d7422dfb6e16313812fe25.jpg
5f182571286d6ef0574ad12352eb18b78264faa413a33248fd2db351c648015d,https://raw.githubusercontent.com/indutny/resistenz/master/dataset/raw/5f182571286d6ef0574ad12352eb18b78264faa413a33248fd2db351c648015d.jpg
5fbb402788462a40fed864a99f63a39b87c52d92cbe3c54826b567952748af17,https://raw.githubusercontent.com/indutny/resistenz/master/dataset/raw/5fbb402788462a40fed864a99f63a39b87c52d92cbe3c54826b567952748af17.jpg
607ae5b3bb0527430c10b47bf3993f0658f0a0ca64c47a411d5eca412bebb605,https://raw.githubusercontent.com/indutny/resistenz/master/dataset/raw/607ae5b3bb0527430c10b47bf3993f0658f0a0ca64c47a411d5eca412bebb605.jpg
60ddbd6359a02ddb8520bb480fe7d21e5e4ac13d48a855e641e4fb1e5a152821,https://raw.githubusercontent.com/indutny/resistenz/master/dataset/raw/60ddbd6359a02ddb8520bb480fe7d21e5e4ac13d48a855e641e4fb1e5a152821.jpg
61878cdc3883036e09fe0a25a0a4c45d49e660e1dab9cc1090a9e34648a78869,https://raw.githubusercontent.com/indutny/resistenz/master/dataset/raw/61878cdc3883036e09fe0a25a0a4c45d49e660e1dab9cc1090a9e34648a78869.jpg
630229f9f39a26e9cafe0da72c686f5d4e38e443e7cf160bed6653e1de5c5eea,https://raw.githubusercontent.com/indutny/resistenz/master/dataset/raw/630229f9f39a26e9cafe0da72c686f5d4e38e443e7cf160bed6653e1de5c5eea.jpg
63b71a3dc595212ca18f526e18d841ee4f2bd08c967a937c591ccbff137a706c,https://raw.githubusercontent.com/indutny/resistenz/master/dataset/raw/63b71a3dc595212ca18f526e18d841ee4f2bd08c967a937c591ccbff137a706c.jpg
641b5a776eed32e816c5a69845166cf85a5b6877cf959206f406e086db6c5d07,https://raw.githubusercontent.com/indutny/resistenz/master/dataset/raw/641b5a776eed32e816c5a69845166cf85a5b6877cf959206f406e086db6c5d07.jpg
64235688fc51c9b94c1ed4bc2d73d4338e853fcf14a75f33436c8b8e940f3735,https://raw.githubusercontent.com/indutny/resistenz/master/dataset/raw/64235688fc51c9b94c1ed4bc2d73d4338e853fcf14a75f33436c8b8e940f3735.jpg
64a8a9d9d7da476ed69fc0844629ba1072b4e69a6627571f162e95c4aa68f1a2,https://raw.githubusercontent.com/indutny/resistenz/master/dataset/raw/64a8a9d9d7da476ed69fc0844629ba1072b4e69a6627571f162e95c4aa68f1a2.jpg
66be3a64f8891aacc37e4c701ee96fc04c4af1b739050d42c5ce5539ebcedf46,https://raw.githubusercontent.com/indutny/resistenz/master/dataset/raw/66be3a64f8891aacc37e4c701ee96fc04c4af1b739050d42c5ce5539ebcedf46.jpg
6745d059a5cda45f1bf1877a600fb78c1ecb081cdf24ac247fa989b5d269ddf1,https://raw.githubusercontent.com/indutny/resistenz/master/dataset/raw/6745d059a5cda45f1bf1877a600fb78c1ecb081cdf24ac247fa989b5d269ddf1.jpg
691ea534a7b7432189a11bdd04bb8caa20b48b6e8d901663d8ddecd0741595fb,https://raw.githubusercontent.com/indutny/resistenz/master/dataset/raw/691ea534a7b7432189a11bdd04bb8caa20b48b6e8d901663d8ddecd0741595fb.jpg
6b25b1057597cc77c3adae2156ef22a0d70c80b37c8620cefc74f06b4ef4f206,https://raw.githubusercontent.com/indutny/resistenz/master/dataset/raw/6b25b1057597cc77c3adae2156ef22a0d70c80b37c8620cefc74f06b4ef4f206.jpg
6ca038d563830b644e4d95a997f90b78492b23d3025bd0d7c44ea48d57f7004a,https://raw.githubusercontent.com/indutny/resistenz/master/dataset/raw/6ca038d563830b644e4d95a997f90b78492b23d3025bd0d7c44ea48d57f7004a.jpg
6d8ba14a3f11cbdad643f32fe167e69bbcd63718d98d85aca8efc250908ddcb1,https://raw.githubusercontent.com/indutny/resistenz/master/dataset/raw/6d8ba14a3f11cbdad643f32fe167e69bbcd63718d98d85aca8efc250908ddcb1.jpg
6dcf24cd27c6e5ae3929c63e4004e13e88b4706d8db8f974efba93db9ebe5e27,https://raw.githubusercontent.com/indutny/resistenz/master/dataset/raw/6dcf24cd27c6e5ae3929c63e4004e13e88b4706d8db8f974efba93db9ebe5e27.jpg
6fa02a24e852fef969442b18b9d78e93e1cb0dd65ccfea2f8d7f56fbe3f9ea78,https://raw.githubusercontent.com/indutny/resistenz/master/dataset/raw/6fa02a24e852fef969442b18b9d78e93e1cb0dd65ccfea2f8d7f56fbe3f9ea78.jpg
703592df35e3c859ac6da4b5449f8f635dc2916c8b678c49d9265ce9b5bce018,https://raw.githubusercontent.com/indutny/resistenz/master/dataset/raw/703592df35e3c859ac6da4b5449f8f635dc2916c8b678c49d9265ce9b5bce018.jpg
70de32f527b39c465085f4a656beeb9917ed8763fce7109593e90bbfba9bb6b1,https://raw.githubusercontent.com/indutny/resistenz/master/dataset/raw/70de32f527b39c465085f4a656beeb9917ed8763fce7109593e90bbfba9bb6b1.jpg
72e2a29765a697c8a4a2548bbb2c553683302ce8e755002310edbbf2578857dc,https://raw.githubusercontent.com/indutny/resistenz/master/dataset/raw/72e2a29765a697c8a4a2548bbb2c553683302ce8e755002310edbbf2578857dc.jpg
73b8c908688620cc81c2c3a725722156558e1dc45278d1e5a616007ca5c5a6f4,https://raw.githubusercontent.com/indutny/resistenz/master/dataset/raw/73b8c908688620cc81c2c3a725722156558e1dc45278d1e5a616007ca5c5a6f4.jpg
74b5f01de4681c2df1c59bbb88efe656497ddc166472fd7d09c39cb9428c734d,https://raw.githubusercontent.com/indutny/resistenz/master/dataset/raw/74b5f01de4681c2df1c59bbb88efe656497ddc166472fd7d09c39cb9428c734d.jpg
74c1592963c1fadd652250eaa6eb200a639b0d00fec6b378a9d58404e8b376c2,https://raw.githubusercontent.com/indutny/resistenz/master/dataset/raw/74c1592963c1fadd652250eaa6eb200a639b0d00fec6b378a9d58404e8b376c2.jpg
75c0f735f17365208b31e792bff0fd02d613266383373dbdcfc6e537017e6be3,https://raw.githubusercontent.com/indutny/resistenz/master/dataset/raw/75c0f735f17365208b31e792bff0fd02d613266383373dbdcfc6e537017e6be3.jpg
75e01851413a9757b28cb1e2bd6d757d5e44e65a2f6d012221018b537210abe8,https://raw.githubusercontent.com/indutny/resistenz/master/dataset/raw/75e01851413a9757b28cb1e2bd6d757d5e44e65a2f6d012221018b537210abe8.jpg
7615d5ea517232d2bcbacefa76de012103dd54c3466c754a2656579a0f2ffff2,https://raw.githubusercontent.com/indutny/resistenz/master/dataset/raw/7615d5ea517232d2bcbacefa76de012103dd54c3466c754a2656579a0f2ffff2.jpg
76303165c80a3704ea615f4788848275ad96d1713a75ddeaac10b645c4e6cfa7,https://raw.githubusercontent.com/indutny/resistenz/master/dataset/raw/76303165c80a3704ea615f4788848275ad96d1713a75ddeaac10b645c4e6cfa7.jpg
765f65ce5ccac13576defa9399be63b93c4d3b9863cf7fd6cc1704e3640b6f31,https://raw.githubusercontent.com/indutny/resistenz/master/dataset/raw/765f65ce5ccac13576defa9399be63b93c4d3b9863cf7fd6cc1704e3640b6f31.jpg
76d1a8c873389907f39401632050169bd3a31a0407a1b96f5f68a2d6ba1b052e,https://raw.githubusercontent.com/indutny/resistenz/master/dataset/raw/76d1a8c873389907f39401632050169bd3a31a0407a1b96f5f68a2d6ba1b052e.jpg
770012ded56d743931d73ea1553610e9a84d2f93516af97b3fd048d0225915cd,https://raw.githubusercontent.com/indutny/resistenz/master/dataset/raw/770012ded56d743931d73ea1553610e9a84d2f93516af97b3fd048d0225915cd.jpg
772305db9a0f1adbcc940228adde15f80b6886504a679f44e72a4bd388ab6fcc,https://raw.githubusercontent.com/indutny/resistenz/master/dataset/raw/772305db9a0f1adbcc940228adde15f80b6886504a679f44e72a4bd388ab6fcc.jpg
777c868ffaa7120dc57e742a0695b89f3321941657e68f38f96e2fbecd8acb32,https://raw.githubusercontent.com/indutny/resistenz/master/dataset/raw/777c868ffaa7120dc57e742a0695b89f3321941657e68f38f96e2fbecd8acb32.jpg
778068656452fc707af925a157c298a54e82f57ee1ac893bdc5be461d709e3d4,https://raw.githubusercontent.com/indutny/resistenz/master/dataset/raw/778068656452fc707af925a157c298a54e82f57ee1ac893bdc5be461d709e3d4.jpg
77b778a19d3a7b427d402de88152e19fa8db0cf7d28bf89e791b966d3d5cf05b,https://raw.githubusercontent.com/indutny/resistenz/master/dataset/raw/77b778a19d3a7b427d402de88152e19fa8db0cf7d28bf89e791b966d3d5cf05b.jpg
78920b8ddba8d701f1501f884701b5b0c9b61366067c51eca7b4d08609584701,https://raw.githubusercontent.com/indutny/resistenz/master/dataset/raw/78920b8ddba8d701f1501f884701b5b0c9b61366067c51eca7b4d08609584701.jpg
78d53763a2caf0f0c027e8b437aa4348549d2ddb566cf6c5a8ee5c7395e69d8c,https://raw.githubusercontent.com/indutny/resistenz/master/dataset/raw/78d53763a2caf0f0c027e8b437aa4348549d2ddb566cf6c5a8ee5c7395e69d8c.jpg
79537182eb4900f668ec2d1fc81b7604d31911103466e54da5221f5f07dcb6db,https://raw.githubusercontent.com/indutny/resistenz/master/dataset/raw/79537182eb4900f668ec2d1fc81b7604d31911103466e54da5221f5f07dcb6db.jpg
7a20a5e45625e98f8e600643123d41ab8c117ff7d0bdd56f365928b3af26f1ab,https://raw.githubusercontent.com/indutny/resistenz/master/dataset/raw/7a20a5e45625e98f8e600643123d41ab8c117ff7d0bdd56f365928b3af26f1ab.jpg
7af4bfa15ee6f65610b84780ffed151a755df9983ed37df0ff737c0474f2a316,https://raw.githubusercontent.com/indutny/resistenz/master/dataset/raw/7af4bfa15ee6f65610b84780ffed151a755df9983ed37df0ff737c0474f2a316.jpg
7b4ad8b7abbc87da70ee2a687e89f3223d87c1f43be9ddf65553aa04a010fff4,https://raw.githubusercontent.com/indutny/resistenz/master/dataset/raw/7b4ad8b7abbc87da70ee2a687e89f3223d87c1f43be9ddf65553aa04a010fff4.jpg
7c391bbcad522095ffe9a4f22bd35169df6a603d0c6554ee1f37d9253df3591e,https://raw.githubusercontent.com/indutny/resistenz/master/dataset/raw/7c391bbcad522095ffe9a4f22bd35169df6a603d0c6554ee1f37d9253df3591e.jpg
7c5ab419564bca212df50c8d65579cd2ee50008f46cd282b43fadf2d0273f9fe,https://raw.githubusercontent.com/indutny/resistenz/master/dataset/raw/7c5ab419564bca212df50c8d65579cd2ee50008f46cd282b43fadf2d0273f9fe.jpg
7d4cd172cd9e80cccf94d39a48ec05ce9370a6cedef213bf41b66e2ff1ef2e7f,https://raw.githubusercontent.com/indutny/resistenz/master/dataset/raw/7d4cd172cd9e80cccf94d39a48ec05ce9370a6cedef213bf41b66e2ff1ef2e7f.jpg
7eb9afade2e095875342eb8c5960b67b1eee4afc7134adfca869a9a33a71cd1c,https://raw.githubusercontent.com/indutny/resistenz/master/dataset/raw/7eb9afade2e095875342eb8c5960b67b1eee4afc7134adfca869a9a33a71cd1c.jpg
7f606dc5d19d2ca22369a1902aa65a4ae73a367581a378aa269325eb922bf1a5,https://raw.githubusercontent.com/indutny/resistenz/master/dataset/raw/7f606dc5d19d2ca22369a1902aa65a4ae73a367581a378aa269325eb922bf1a5.jpg
7f692b281d680791cd970199a53e3ea5f00b247cbec731f4a3a0be07c0e09b67,https://raw.githubusercontent.com/indutny/resistenz/master/dataset/raw/7f692b281d680791cd970199a53e3ea5f00b247cbec731f4a3a0be07c0e09b67.jpg
7fc77cb1e34bb1be73ffc6b0b61cb68ce331a8effc3086a7432ac64223bd4bb0,https://raw.githubusercontent.com/indutny/resistenz/master/dataset/raw/7fc77cb1e34bb1be73ffc6b0b61cb68ce331a8effc3086a7432ac64223bd4bb0.jpg
805394cf4a3c37b663c0ce3cbbcbeacd1238f8b62d7fef34624db913bf76aff4,https://raw.githubusercontent.com/indutny/resistenz/master/dataset/raw/805394cf4a3c37b663c0ce3cbbcbeacd1238f8b62d7fef34624db913bf76aff4.jpg
822750a7da1aee6202819973821405f15d819bfe0419110e443a3e89c7dea869,https://raw.githubusercontent.com/indutny/resistenz/master/dataset/raw/822750a7da1aee6202819973821405f15d819bfe0419110e443a3e89c7dea869.jpg
82db617668fe897a28c5182def66aecb289622c251046e34dbc633212ed099d9,https://raw.githubusercontent.com/indutny/resistenz/master/dataset/raw/82db617668fe897a28c5182def66aecb289622c251046e34dbc633212ed099d9.jpg
84141dac65220b8ca8d9c2d0fdbd80dd56f49ca3091c59de0296336404e27319,https://raw.githubusercontent.com/indutny/resistenz/master/dataset/raw/84141dac65220b8ca8d9c2d0fdbd80dd56f49ca3091c59de0296336404e27319.jpg
85d0d7523a7705ba012e1f5b30dad7346c48b837c1fbbf51ae3c3fb1e4eed7cc,https://raw.githubusercontent.com/indutny/resistenz/master/dataset/raw/85d0d7523a7705ba012e1f5b30dad7346c48b837c1fbbf51ae3c3fb1e4eed7cc.jpg
85d476e573556fd534ace1cee9a57c208bd68fd7853f66d4086e04ef14b6284c,https://raw.githubusercontent.com/indutny/resistenz/master/dataset/raw/85d476e573556fd534ace1cee9a57c208bd68fd7853f66d4086e04ef14b6284c.jpg
869629bf99270a7402dc9af25be6d123c72c831f64f6fa9a06f2ccf823cf0b1a,https://raw.githubusercontent.com/indutny/resistenz/master/dataset/raw/869629bf99270a7402dc9af25be6d123c72c831f64f6fa9a06f2ccf823cf0b1a.jpg
878cf81e6587a2adfd5de7f35dd876a057d018a321e47d53973c74291570e3fd,https://raw.githubusercontent.com/indutny/resistenz/master/dataset/raw/878cf81e6587a2adfd5de7f35dd876a057d018a321e47d53973c74291570e3fd.jpg
881c86be4f4dd06c99a9b003468afac97c1d7854f516187b1dea9119b8559377,https://raw.githubusercontent.com/indutny/resistenz/master/dataset/raw/881c86be4f4dd06c99a9b003468afac97c1d7854f516187b1dea9119b8559377.jpg
883cddf4f0842a79ed8c2ce0f6e87c55e6053e9ea7dd4a887d918dc1354c3d45,https://raw.githubusercontent.com/indutny/resistenz/master/dataset/raw/883cddf4f0842a79ed8c2ce0f6e87c55e6053e9ea7dd4a887d918dc1354c3d45.jpg
88f550259a6bd2757c56a67874a1c91c4db45dd59c84531f9c5ed5a5cef5630c,https://raw.githubusercontent.com/indutny/resistenz/master/dataset/raw/88f550259a6bd2757c56a67874a1c91c4db45dd59c84531f9c5ed5a5cef5630c.jpg
8906eb1e69f86bc2a8d782a0a21a9fc4007628625fe3255f5e14aa1acb98f1e7,https://raw.githubusercontent.com/indutny/resistenz/master/dataset/raw/8906eb1e69f86bc2a8d782a0a21a9fc4007628625fe3255f5e14aa1acb98f1e7.jpg
893735824c9a0b9ce64359f222d70842eeb2b15fb93f58879763d56cc3f7b414,https://raw.githubusercontent.com/indutny/resistenz/master/dataset/raw/893735824c9a0b9ce64359f222d70842eeb2b15fb93f58879763d56cc3f7b414.jpg
896af5ed18b42f1103b9fcd74eb8560885f31f9a408c1f554a0cc8d3a15bb3a2,https://raw.githubusercontent.com/indutny/resistenz/master/dataset/raw/896af5ed18b42f1103b9fcd74eb8560885f31f9a408c1f554a0cc8d3a15bb3a2.jpg
8977656f6a2f86cca67bb3da853524d97c1ab2264ca7fdfd05b24d82a6559da4,https://raw.githubusercontent.com/indutny/resistenz/master/dataset/raw/8977656f6a2f86cca67bb3da853524d97c1ab2264ca7fdfd05b24d82a6559da4.jpg
89ad0054cc5cb4aee43ae3b8becb3fbb6c3b2887be2a9d0ad1882ff05c7720ce,https://raw.githubusercontent.com/indutny/resistenz/master/dataset/raw/89ad0054cc5cb4aee43ae3b8becb3fbb6c3b2887be2a9d0ad1882ff05c7720ce.jpg
8a0edd664aa52879117852764d2eed952b657803173be093f5fabf3c24b1adc2,https://raw.githubusercontent.com/indutny/resistenz/master/dataset/raw/8a0edd664aa52879117852764d2eed952b657803173be093f5fabf3c24b1adc2.jpg
8a3c7bd39c2c19bbbd7bb61ad548a04a6e29155b4a5907b9bf059e455a622e2e,https://raw.githubusercontent.com/indutny/resistenz/master/dataset/raw/8a3c7bd39c2c19bbbd7bb61ad548a04a6e29155b4a5907b9bf059e455a622e2e.jpg
8a5ed194a9a9098690cd2dd7c6fdf8f6a70152f5b67fb4e5223164747ca7a4e4,https://raw.githubusercontent.com/indutny/resistenz/master/dataset/raw/8a5ed194a9a9098690cd2dd7c6fdf8f6a70152f5b67fb4e5223164747ca7a4e4.jpg
8a90a9f2010be7cb24dcebc89af3af146044d26ac0c9dee3a8a4b7a41cf1f802,https://raw.githubusercontent.com/indutny/resistenz/master/dataset/raw/8a90a9f2010be7cb24dcebc89af3af146044d26ac0c9dee3a8a4b7a41cf1f802.jpg
8b34e9e32b05bcbb48e3c6b0c771af140aeb3d75e3017630a1481ad620db02c4,https://raw.githubusercontent.com/indutny/resistenz/master/dataset/raw/8b34e9e32b05bcbb48e3c6b0c771af140aeb3d75e3017630a1481ad620db02c4.jpg
8cfb00a66baf6031b18449340510f6ca2455a4ce897401298c7999abe5052845,https://raw.githubusercontent.com/indutny/resistenz/master/dataset/raw/8cfb00a66baf6031b18449340510f6ca2455a4ce897401298c7999abe5052845.jpg
8e92f0e46fc7852d5ec0c2d5d133643e199d1f70aa966531ff72224f4359032e,https://raw.githubusercontent.com/indutny/resistenz/master/dataset/raw/8e92f0e46fc7852d5ec0c2d5d133643e199d1f70aa966531ff72224f4359032e.jpg
8f6110095bc044476fb5a10984280e6bab75699639def067d8e69c16888356dd,https://raw.githubusercontent.com/indutny/resistenz/master/dataset/raw/8f6110095bc044476fb5a10984280e6bab75699639def067d8e69c16888356dd.jpg
901a2e3893456545aba188c2b3508f2e60c54ba5dacf7d919e4df99be08ed025,https://raw.githubusercontent.com/indutny/resistenz/master/dataset/raw/901a2e3893456545aba188c2b3508f2e60c54ba5dacf7d919e4df99be08ed025.jpg
902c597acfcddf86ad0afd36d19225cdbcfef017fcd7963e48d54e1b4c07ec18,https://raw.githubusercontent.com/indutny/resistenz/master/dataset/raw/902c597acfcddf86ad0afd36d19225cdbcfef017fcd7963e48d54e1b4c07ec18.jpg
90756b85aa778010963da530c1e0fca2823cde5f65bfc7ff8a7c2bc23c87528b,https://raw.githubusercontent.com/indutny/resistenz/master/dataset/raw/90756b85aa778010963da530c1e0fca2823cde5f65bfc7ff8a7c2bc23c87528b.jpg
91cb904c13b12f210a16b4fa5df1ddae1b126938e77b91c784d698e4a354c46f,https://raw.githubusercontent.com/indutny/resistenz/master/dataset/raw/91cb904c13b12f210a16b4fa5df1ddae1b126938e77b91c784d698e4a354c46f.jpg
92b29cef521f98aea69f60dab32abf8db268cfb9c55374de1e99e54fb7eb637b,https://raw.githubusercontent.com/indutny/resistenz/master/dataset/raw/92b29cef521f98aea69f60dab32abf8db268cfb9c55374de1e99e54fb7eb637b.jpg
938567360444b26f5fad5654ebdc737b8af6740fa801189cc32806849614697b,https://raw.githubusercontent.com/indutny/resistenz/master/dataset/raw/938567360444b26f5fad5654ebdc737b8af6740fa801189cc32806849614697b.jpg
93910d99903ff90d56760060554e5848449a1474de8881258c90ee78c143d7f8,https://raw.githubusercontent.com/indutny/resistenz/master/dataset/raw/93910d99903ff90d56760060554e5848449a1474de8881258c90ee78c143d7f8.jpg
95844ef11370bb41938963528f35035fb03ee5e03ee7081c06b92d50659348e5,https://raw.githubusercontent.com/indutny/resistenz/master/dataset/raw/95844ef11370bb41938963528f35035fb03ee5e03ee7081c06b92d50659348e5.jpg
960cf6ed42eb95a85be7deadc20675aa081173bea34ff3ee0b25999eafff95aa,https://raw.githubusercontent.com/indutny/resistenz/master/dataset/raw/960cf6ed42eb95a85be7deadc20675aa081173bea34ff3ee0b25999eafff95aa.jpg
985b582d7369e2137e65d5b4bca945b054207f24b5e13a7f67a0e242d513f9a8,https://raw.githubusercontent.com/indutny/resistenz/master/dataset/raw/985b582d7369e2137e65d5b4bca945b054207f24b5e13a7f67a0e242d513f9a8.jpg
985fa3334c9ad8fad3bbcc3b73b3e6cda436af55ebb0ea22d9f4d6c7a0664222,https://raw.githubusercontent.com/indutny/resistenz/master/dataset/raw/985fa3334c9ad8fad3bbcc3b73b3e6cda436af55ebb0ea22d9f4d6c7a0664222.jpg
989b7b624a10afc8685a4e25e1970dad4edaeb430e428923399298603c98117d,https://raw.githubusercontent.com/indutny/resistenz/master/dataset/raw/989b7b624a10afc8685a4e25e1970dad4edaeb430e428923399298603c98117d.jpg
98cc6e12ab101a7de9372ff12f28ee0025414ffa308a33402f85c4c42d9ee48e,https://raw.githubusercontent.com/indutny/resistenz/master/dataset/raw/98cc6e12ab101a7de9372ff12f28ee0025414ffa308a33402f85c4c42d9ee48e.jpg
98fda79b9ba7d5c8429a2cbd0ae7bf152619cd192da4c1ae59470d49b1fbfd98,https://raw.githubusercontent.com/indutny/resistenz/master/dataset/raw/98fda79b9ba7d5c8429a2cbd0ae7bf152619cd192da4c1ae59470d49b1fbfd98.jpg
99278d03da9f1a67a5df63cc5d168e3b7954e8d499890de80650c4c25f4fea67,https://raw.githubusercontent.com/indutny/resistenz/master/dataset/raw/99278d03da9f1a67a5df63cc5d168e3b7954e8d499890de80650c4c25f4fea67.jpg
9b6a61967d8ed5862f4023f3607ec764472a0bf624fc6d8d4c23396e31e972e1,https://raw.githubusercontent.com/indutny/resistenz/master/dataset/raw/9b6a61967d8ed5862f4023f3607ec764472a0bf624fc6d8d4c23396e31e972e1.jpg
9b945ad78a68e3b4783d50cefa087c5de0f90c1cc5df4524ff29a25ac6a60265,https://raw.githubusercontent.com/indutny/resistenz/master/dataset/raw/9b945ad78a68e3b4783d50cefa087c5de0f90c1cc5df4524ff29a25ac6a60265.jpg
9c123e32aaf4cde6566d43803bfebfff80d36bc0079e65e6dd2097c3ca890222,https://raw.githubusercontent.com/indutny/resistenz/master/dataset/raw/9c123e32aaf4cde6566d43803bfebfff80d36bc0079e65e6dd2097c3ca890222.jpg
9c76e5f6a6d64a7f7108484d24337794412954b1071854dc3f715a50c1843361,https://raw.githubusercontent.com/indutny/resistenz/master/dataset/raw/9c76e5f6a6d64a7f7108484d24337794412954b1071854dc3f715a50c1843361.jpg
9ccea0dd56d0229914586ed87e23dd3563fc5c393192fea1294c785d3f8242e3,https://raw.githubusercontent.com/indutny/resistenz/master/dataset/raw/9ccea0dd56d0229914586ed87e23dd3563fc5c393192fea1294c785d3f8242e3.jpg
9cdb1c419d0362b38bfb397174793ea25847cca7c6fe514335cf8c0a433445b0,https://raw.githubusercontent.com/indutny/resistenz/master/dataset/raw/9cdb1c419d0362b38bfb397174793ea25847cca7c6fe514335cf8c0a433445b0.jpg
9d7dbb5fda90ab1248f08cedfca3733d35bcb9d885fc2e468aaae0ce5449a7ab,https://raw.githubusercontent.com/indutny/resistenz/master/dataset/raw/9d7dbb5fda90ab1248f08cedfca3733d35bcb9d885fc2e468aaae0ce5449a7ab.jpg
9e4114dcd12a421ad5ca08d6ec3494fd16db95bb4feb19cf2f915fb609ef1f49,https://raw.githubusercontent.com/indutny/resistenz/master/dataset/raw/9e4114dcd12a421ad5ca08d6ec3494fd16db95bb4feb19cf2f915fb609ef1f49.jpg
9ef250ee31dd034ea2d3d23df04b6cd1fcbc533952a5e329a3378d21b87cec1a,https://raw.githubusercontent.com/indutny/resistenz/master/dataset/raw/9ef250ee31dd034ea2d3d23df04b6cd1fcbc533952a5e329a3378d21b87cec1a.jpg
9f45ae7199208933470d8a75d1a2d015afb229259ce84c4c1ff96cbcb1cdae15,https://raw.githubusercontent.com/indutny/resistenz/master/dataset/raw/9f45ae7199208933470d8a75d1a2d015afb229259ce84c4c1ff96cbcb1cdae15.jpg
9f975f41a75afa629abcddc63dd68f9276392d6ff8d71a2f9af7063072f213f8,https://raw.githubusercontent.com/indutny/resistenz/master/dataset/raw/9f975f41a75afa629abcddc63dd68f9276392d6ff8d71a2f9af7063072f213f8.jpg
9fa8eefc3fc504e1953552c503201cf8f39cbf3da366433f4c097c61d89e5ae9,https://raw.githubusercontent.com/indutny/resistenz/master/dataset/raw/9fa8eefc3fc504e1953552c503201cf8f39cbf3da366433f4c097c61d89e5ae9.jpg
9ffd6258beac881c82fca1981140ea1587697baf0c2376045f9f6bdda7722efa,https://raw.githubusercontent.com/indutny/resistenz/master/dataset/raw/9ffd6258beac881c82fca1981140ea1587697baf0c2376045f9f6bdda7722efa.jpg
a0cf2b9b3cf8a97b3f1d36453346ad8a7599c4fe141a024c7b577789a899391f,https://raw.githubusercontent.com/indutny/resistenz/master/dataset/raw/a0cf2b9b3cf8a97b3f1d36453346ad8a7599c4fe141a024c7b577789a899391f.jpg
a1d2981bb3b9d27044ca743a15c219e3cd5603fa205961cc80d4b2c305321a15,https://raw.githubusercontent.com/indutny/resistenz/master/dataset/raw/a1d2981bb3b9d27044ca743a15c219e3cd5603fa205961cc80d4b2c305321a15.jpg
a337d5ecce1e3d62cce2f6d5891faa7f6808173eaf6ee34daad4b58fb96a1676,https://raw.githubusercontent.com/indutny/resistenz/master/dataset/raw/a337d5ecce1e3d62cce2f6d5891faa7f6808173eaf6ee34daad4b58fb96a1676.jpg
a346bf268c39056f5d531ab4470edfdbf440ff332bdce2aa8be6cc8da504cba1,https://raw.githubusercontent.com/indutny/resistenz/master/dataset/raw/a346bf268c39056f5d531ab4470edfdbf440ff332bdce2aa8be6cc8da504cba1.jpg
a356feea29fc658cc6a68ff059f539b37666ea19e9bf37f9792e1524a444bcf8,https://raw.githubusercontent.com/indutny/resistenz/master/dataset/raw/a356feea29fc658cc6a68ff059f539b37666ea19e9bf37f9792e1524a444bcf8.jpg
a3aa90695437d8fce5031ccb307b0e26591268544b7866051dec6d7f1ed862b2,https://raw.githubusercontent.com/indutny/resistenz/master/dataset/raw/a3aa90695437d8fce5031ccb307b0e26591268544b7866051dec6d7f1ed862b2.jpg
a3b8439635b1deadfeb866e992d166be928801c559eb4d600c37749d406c41ec,https://raw.githubusercontent.com/indutny/resistenz/master/dataset/raw/a3b8439635b1deadfeb866e992d166be928801c559eb4d600c37749d406c41ec.jpg
a3e36839cbd4df3104d1171edd5c99e7116195065227e293ea2874d2064b8f05,https://raw.githubusercontent.com/indutny/resistenz/master/dataset/raw/a3e36839cbd4df3104d1171edd5c99e7116195065227e293ea2874d2064b8f05.jpg
a3e3705da36fc9a05379a77261748e3647d60ce34214defd4bcec2a19338451a,https://raw.githubusercontent.com/indutny/resistenz/master/dataset/raw/a3e3705da36fc9a05379a77261748e3647d60ce34214defd4bcec2a19338451a.jpg
a410b7258cf2800bc7862ec815e4918b58ae4a05bd6227b0923d4cdbbafba418,https://raw.githubusercontent.com/indutny/resistenz/master/dataset/raw/a410b7258cf2800bc7862ec815e4918b58ae4a05bd6227b0923d4cdbbafba418.jpg
a519c5421d2a3e32484e0e67980055cacab3be5c87d2102f00dca2df7e8a1ef1,https://raw.githubusercontent.com/indutny/resistenz/master/dataset/raw/a519c5421d2a3e32484e0e67980055cacab3be5c87d2102f00dca2df7e8a1ef1.jpg
a57d9c3c2e29e6cdb46c4559e5bbd840cdc3532f07feb5a3358f7910d7fa7a21,https://raw.githubusercontent.com/indutny/resistenz/master/dataset/raw/a57d9c3c2e29e6cdb46c4559e5bbd840cdc3532f07feb5a3358f7910d7fa7a21.jpg
a5a644b757cc711b31f72f779b4d13db946f347798750787609d5f8957adacdf,https://raw.githubusercontent.com/indutny/resistenz/master/dataset/raw/a5a644b757cc711b31f72f779b4d13db946f347798750787609d5f8957adacdf.jpg
a622797f32d0d33b0d2f504116a864e068bc39fcd48e2438a806892a85527634,https://raw.githubusercontent.com/indutny/resistenz/master/dataset/raw/a622797f32d0d33b0d2f504116a864e068bc39fcd48e2438a806892a85527634.jpg
a65cbc8a2239b4da0700c33e4b236f999b6e568a9b88c626b14b2d6947c02053,https://raw.githubusercontent.com/indutny/resistenz/master/dataset/raw/a65cbc8a2239b4da0700c33e4b236f999b6e568a9b88c626b14b2d6947c02053.jpg
a78b1f42cb05ee2f1492b83eb1a3faaada6e191e6e704f9f9b5cda614b2ec3cd,https://raw.githubusercontent.com/indutny/resistenz/master/dataset/raw/a78b1f42cb05ee2f1492b83eb1a3faaada6e191e6e704f9f9b5cda614b2ec3cd.jpg
a7d159f5bf6ec672bf4459b15b420209dcff66fe85fb893597db1517bb26cca6,https://raw.githubusercontent.com/indutny/resistenz/master/dataset/raw/a7d159f5bf6ec672bf4459b15b420209dcff66fe85fb893597db1517bb26cca6.jpg
a879b74f8df573ac93ebc646b87e5c99885655b938cad122ef33c534c9ebb3ec,https://raw.githubusercontent.com/indutny/resistenz/master/dataset/raw/a879b74f8df573ac93ebc646b87e5c99885655b938cad122ef33c534c9ebb3ec.jpg
a88e539d4deb044eff0e5cd188f8cf9abafceb34b61038fea92f21f755c77ec8,https://raw.githubusercontent.com/indutny/resistenz/master/dataset/raw/a88e539d4deb044eff0e5cd188f8cf9abafceb34b61038fea92f21f755c77ec8.jpg
a9ecf529efe30868817a26814b8758b1404358b26e201d3775095c9066537c16,https://raw.githubusercontent.com/indutny/resistenz/master/dataset/raw/a9ecf529efe30868817a26814b8758b1404358b26e201d3775095c9066537c16.jpg
aae6c5923423e444dc307817cdd50368486e482b0d8b051817b229aece6ba279,https://raw.githubusercontent.com/indutny/resistenz/master/dataset/raw/aae6c5923423e444dc307817cdd50368486e482b0d8b051817b229aece6ba279.jpg
ab04be64202bed2c44da9f1382f75fa705f5af53e83f02e1fa0525c1c5d05003,https://raw.githubusercontent.com/indutny/resistenz/master/dataset/raw/ab04be64202bed2c44da9f1382f75fa705f5af53e83f02e1fa0525c1c5d05003.jpg
ace16f895a1bb99696898b54e53e3b4aa09fcd02e396264429ec450b7109f912,https://raw.githubusercontent.com/indutny/resistenz/master/dataset/raw/ace16f895a1bb99696898b54e53e3b4aa09fcd02e396264429ec450b7109f912.jpg
ad155e38145e937895a75a5f0d3db9235040ff90dbd14a24da6e703f2e92027f,https://raw.githubusercontent.com/indutny/resistenz/master/dataset/raw/ad155e38145e937895a75a5f0d3db9235040ff90dbd14a24da6e703f2e92027f.jpg
ad3e8c4df511200872b284a60cd5d77ddf0a3da6143c97525bccb5c82c526d7d,https://raw.githubusercontent.com/indutny/resistenz/master/dataset/raw/ad3e8c4df511200872b284a60cd5d77ddf0a3da6143c97525bccb5c82c526d7d.jpg
ae23c8c60a3d3921b149bd8f717bba67812357b8d8631a5101570334a2b97a74,https://raw.githubusercontent.com/indutny/resistenz/master/dataset/raw/ae23c8c60a3d3921b149bd8f717bba67812357b8d8631a5101570334a2b97a74.jpg
aecfb0a8cbfa6e2cc28cc48755eac1cb3d55b43b47c8eae5b71cab2c3e50f270,https://raw.githubusercontent.com/indutny/resistenz/master/dataset/raw/aecfb0a8cbfa6e2cc28cc48755eac1cb3d55b43b47c8eae5b71cab2c3e50f270.jpg
af6fabf0eba254b72c619ca9c9902bc42f1a7ac6ee670cb8a99001ee201efeec,https://raw.githubusercontent.com/indutny/resistenz/master/dataset/raw/af6fabf0eba254b72c619ca9c9902bc42f1a7ac6ee670cb8a99001ee201efeec.jpg
afc9e2d3dccc7c7a2c0352270ea993ed5efccf161d7dd2cdb4b3a81705c304d8,https://raw.githubusercontent.com/indutny/resistenz/master/dataset/raw/afc9e2d3dccc7c7a2c0352270ea993ed5efccf161d7dd2cdb4b3a81705c304d8.jpg
afffd55b7295b0125ba3c65289b2507cfd52236bca25a491d99394933e06426f,https://raw.githubusercontent.com/indutny/resistenz/master/dataset/raw/afffd55b7295b0125ba3c65289b2507cfd52236bca25a491d99394933e06426f.jpg
b090e0bf1dcba2b88e62de2214f2b6fe4a1335490d702ff7cef7824a41a64ff7,https://raw.githubusercontent.com/indutny/resistenz/master/dataset/raw/b090e0bf1dcba2b88e62de2214f2b6fe4a1335490d702ff7cef7824a41a64ff7.jpg
b0ee4064ddd414630288285901bf504f96b9e20692bb05fe26cd0f7d26068908,https://raw.githubusercontent.com/indutny/resistenz/master/dataset/raw/b0ee4064ddd414630288285901bf504f96b9e20692bb05fe26cd0f7d26068908.jpg
b157afbb65eaefb3b3d870f4337f8047d042be28523d50292dba80c762712c37,https://raw.githubusercontent.com/indutny/resistenz/master/dataset/raw/b157afbb65eaefb3b3d870f4337f8047d042be28523d50292dba80c762712c37.jpg
b1734009ece749a53700d98f78349c167bb84d2faf04e66668faeaaabd491105,https://raw.githubusercontent.com/indutny/resistenz/master/dataset/raw/b1734009ece749a53700d98f78349c167bb84d2faf04e66668faeaaabd491105.jpg
b2d15487c596b3695db822c115d941b5c60c8cfac7063086241a5bf33f350272,https://raw.githubusercontent.com/indutny/resistenz/master/dataset/raw/b2d15487c596b3695db822c115d941b5c60c8cfac7063086241a5bf33f350272.jpg
b2dd1afe2f27f22324f90bcda9d910ae0a5faa53f50477c91a3980acedfda3c4,https://raw.githubusercontent.com/indutny/resistenz/master/dataset/raw/b2dd1afe2f27f22324f90bcda9d910ae0a5faa53f50477c91a3980acedfda3c4.jpg
b349b7ee1ccb57719b7ff162ab0bbbf8f791b38d38a406bbf948497404f2064c,https://raw.githubusercontent.com/indutny/resistenz/master/dataset/raw/b349b7ee1ccb57719b7ff162ab0bbbf8f791b38d38a406bbf948497404f2064c.jpg
b59b8f55812b494d60ac5b8379bac7ad31f1b44bb29f916b208872d12c8eab89,https://raw.githubusercontent.com/indutny/resistenz/master/dataset/raw/b59b8f55812b494d60ac5b8379bac7ad31f1b44bb29f916b208872d12c8eab89.jpg
b6271afab01c1dc2896e74d0112279a5fa75674e8db7df34aef3d65a2d22f1fe,https://raw.githubusercontent.com/indutny/resistenz/master/dataset/raw/b6271afab01c1dc2896e74d0112279a5fa75674e8db7df34aef3d65a2d22f1fe.jpg
b7efdefb3ade9aafaf797b0751c08733778c8eec4a450fe3259076e3c65dd11b,https://raw.githubusercontent.com/indutny/resistenz/master/dataset/raw/b7efdefb3ade9aafaf797b0751c08733778c8eec4a450fe3259076e3c65dd11b.jpg
b80ba0c4e521fa86ea6c0d0f866852d47f8145091f0c5e0b0027a37b777de8a6,https://raw.githubusercontent.com/indutny/resistenz/master/dataset/raw/b80ba0c4e521fa86ea6c0d0f866852d47f8145091f0c5e0b0027a37b777de8a6.jpg
b812ff475e463f902accf871fc9f20ffc4f47131c62752a1e3c09c027f2c3e15,https://raw.githubusercontent.com/indutny/resistenz/master/dataset/raw/b812ff475e463f902accf871fc9f20ffc4f47131c62752a1e3c09c027f2c3e15.jpg
b87c7cc27fb250e8924a704bc9a82d80ffa497f1f43932ecc4647e16e6b23795,https://raw.githubusercontent.com/indutny/resistenz/master/dataset/raw/b87c7cc27fb250e8924a704bc9a82d80ffa497f1f43932ecc4647e16e6b23795.jpg
b9278fc6343325129b15ffb2fa96b1a1ca6be0545b6f314e21f85e56decf4f81,https://raw.githubusercontent.com/indutny/resistenz/master/dataset/raw/b9278fc6343325129b15ffb2fa96b1a1ca6be0545b6f314e21f85e56decf4f81.jpg
bade6af17eed7592ab0c7c0ea97e25ca23a6ef52dc7f47c101bb522ce4e0aeb5,https://raw.githubusercontent.com/indutny/resistenz/master/dataset/raw/bade6af17eed7592ab0c7c0ea97e25ca23a6ef52dc7f47c101bb522ce4e0aeb5.jpg
bafd9f1f7a2914b5461cfcbf538a9abd63234d68a3d816f699186091e2fb51b8,https://raw.githubusercontent.com/indutny/resistenz/master/dataset/raw/bafd9f1f7a2914b5461cfcbf538a9abd63234d68a3d816f699186091e2fb51b8.jpg
bb51ea08e4db28a30e70f55636deb346605a0c010470f8241bfbd535cca27d50,https://raw.githubusercontent.com/indutny/resistenz/master/dataset/raw/bb51ea08e4db28a30e70f55636deb346605a0c010470f8241bfbd535cca27d50.jpg
bbbfe465c8964f8376923db7c69631351310e1b3ea1b518639e7efde62ccd36f,https://raw.githubusercontent.com/indutny/resistenz/master/dataset/raw/bbbfe465c8964f8376923db7c69631351310e1b3ea1b518639e7efde62ccd36f.jpg
bc27b87789f905e7542ceec60883d68b285e8fc998ddc26a9cc1e39782c57ee3,https://raw.githubusercontent.com/indutny/resistenz/master/dataset/raw/bc27b87789f905e7542ceec60883d68b285e8fc998ddc26a9cc1e39782c57ee3.jpg
bca71838c6ebd8a79b150c01d9e855a412295018df7691345faf5d551912e319,https://raw.githubusercontent.com/indutny/resistenz/master/dataset/raw/bca71838c6ebd8a79b150c01d9e855a412295018df7691345faf5d551912e319.jpg
bd8a49792ceac4379da481e32a4ad71f2a7c81386dd6e2e8abfa24f645c50cf1,https://raw.githubusercontent.com/indutny/resistenz/master/dataset/raw/bd8a49792ceac4379da481e32a4ad71f2a7c81386dd6e2e8abfa24f645c50cf1.jpg
be7d4b6796a0152a32726b068dc7041d45a3595d26b65d9016edf7760af27017,https://raw.githubusercontent.com/indutny/resistenz/master/dataset/raw/be7d4b6796a0152a32726b068dc7041d45a3595d26b65d9016edf7760af27017.jpg
bed13d5e3ffd690fff10142d6d4d27803f5957531450165959693f67e9ef6032,https://raw.githubusercontent.com/indutny/resistenz/master/dataset/raw/bed13d5e3ffd690fff10142d6d4d27803f5957531450165959693f67e9ef6032.jpg
bee277ced3aff3b62232242b98bfec57a7543937e0ebbcc35d49b4a75ba23ac3,https://raw.githubusercontent.com/indutny/resistenz/master/dataset/raw/bee277ced3aff3b62232242b98bfec57a7543937e0ebbcc35d49b4a75ba23ac3.jpg
bf70d277a61d64816383f7ef65410bc86b0f34cea36464238b435df31e4799ad,https://raw.githubusercontent.com/indutny/resistenz/master/dataset/raw/bf70d277a61d64816383f7ef65410bc86b0f34cea36464238b435df31e4799ad.jpg
bfb45254783c05016fe9f108f4077ef5ec53229e28cae84ca5264fb8b5e7f61e,https://raw.githubusercontent.com/indutny/resistenz/master/dataset/raw/bfb45254783c05016fe9f108f4077ef5ec53229e28cae84ca5264fb8b5e7f61e.jpg
c1369cc2e5cf48f32af567e8269813297ae6ebadcee21e0967fca321c4eba9e6,https://raw.githubusercontent.com/indutny/resistenz/master/dataset/raw/c1369cc2e5cf48f32af567e8269813297ae6ebadcee21e0967fca321c4eba9e6.jpg
c26074eea5436d36acd5d2abc372867e6def47d851f61df41664427e65193b9a,https://raw.githubusercontent.com/indutny/resistenz/master/dataset/raw/c26074eea5436d36acd5d2abc372867e6def47d851f61df41664427e65193b9a.jpg
c2e998ff18f8a2012e8796da74463e57776e786457ee6055daa73bf620183c40,https://raw.githubusercontent.com/indutny/resistenz/master/dataset/raw/c2e998ff18f8a2012e8796da74463e57776e786457ee6055daa73bf620183c40.jpg
c4232b4106c19548819983ddb7a995299aebb61c6ded777923d9d4c4b7c1529e,https://raw.githubusercontent.com/indutny/resistenz/master/dataset/raw/c4232b4106c19548819983ddb7a995299aebb61c6ded777923d9d4c4b7c1529e.jpg
c4a9b8859ae0f88fda830d53c38c67576275c6fee1585679e7679163b666bce6,https://raw.githubusercontent.com/indutny/resistenz/master/dataset/raw/c4a9b8859ae0f88fda830d53c38c67576275c6fee1585679e7679163b666bce6.jpg
c507e6a51d243dd702ee6ef7e5d57a3c88f2d1dd899f50177b371b960d77dd06,https://raw.githubusercontent.com/indutny/resistenz/master/dataset/raw/c507e6a51d243dd702ee6ef7e5d57a3c88f2d1dd899f50177b371b960d77dd06.jpg
c5d4fc13f1a7e3320ccbfa26788fae7882b617702cb485e43eee61486eaf42e1,https://raw.githubusercontent.com/indutny/resistenz/master/dataset/raw/c5d4fc13f1a7e3320ccbfa26788fae7882b617702cb485e43eee61486eaf42e1.jpg
c69e48741a702aaad481a03a728eac73b656afc0bee83072de3450222f20187f,https://raw.githubusercontent.com/indutny/resistenz/master/dataset/raw/c69e48741a702aaad481a03a728eac73b656afc0bee83072de3450222f20187f.jpg
c786328a3c9e703098cee4f333c9de5b565175e4142e7d89cdd7ce832bf1c3e6,https://raw.githubusercontent.com/indutny/resistenz/master/dataset/raw/c786328a3c9e703098cee4f333c9de5b565175e4142e7d89cdd7ce832bf1c3e6.jpg
c8538c679107c88064bac8e335d7bbdf201f8d3a6baaf61c64a48abf1f7022d5,https://raw.githubusercontent.com/indutny/resistenz/master/dataset/raw/c8538c679107c88064bac8e335d7bbdf201f8d3a6baaf61c64a48abf1f7022d5.jpg
c8d48f0493dffdd341f4f7ce3f0beb0d4a11f066c4e1f4ee22c86dc1256525ba,https://raw.githubusercontent.com/indutny/resistenz/master/dataset/raw/c8d48f0493dffdd341f4f7ce3f0beb0d4a11f066c4e1f4ee22c86dc1256525ba.jpg
c94540e118ed7d9a2a0f88e34aac84fc32132d4b9afc9586b6f7147e60ffd61c,https://raw.githubusercontent.com/indutny/resistenz/master/dataset/raw/c94540e118ed7d9a2a0f88e34aac84fc32132d4b9afc9586b6f7147e60ffd61c.jpg
ca3fb6f493235752df9641767a987f36c3f784f5eb110153e123275587cf9a11,https://raw.githubusercontent.com/indutny/resistenz/master/dataset/raw/ca3fb6f493235752df9641767a987f36c3f784f5eb110153e123275587cf9a11.jpg
cba39bd2b7206d8f84a7bc39cb060deede87fe3740a2691b005f422d407640b3,https://raw.githubusercontent.com/indutny/resistenz/master/dataset/raw/cba39bd2b7206d8f84a7bc39cb060deede87fe3740a2691b005f422d407640b3.jpg
cc8f68e5c20bdfbbbb266c2f6939118390fd4ed78b30fa05be4b0ebe66ec43f9,https://raw.githubusercontent.com/indutny/resistenz/master/dataset/raw/cc8f68e5c20bdfbbbb266c2f6939118390fd4ed78b30fa05be4b0ebe66ec43f9.jpg
cea2bd478edc46403ad269c7cd432d05ef78924d8f20a3622d400fb63e990219,https://raw.githubusercontent.com/indutny/resistenz/master/dataset/raw/cea2bd478edc46403ad269c7cd432d05ef78924d8f20a3622d400fb63e990219.jpg
cf3a319d4f791a5efe2b6bcd851a82697f67819b3c212a325158dde3250fd436,https://raw.githubusercontent.com/indutny/resistenz/master/dataset/raw/cf3a319d4f791a5efe2b6bcd851a82697f67819b3c212a325158dde3250fd436.jpg
d0e2728d60648ef4903b2c0eddc3c4728f58eff0f8bedc44bf002a274e7fd7ba,https://raw.githubusercontent.com/indutny/resistenz/master/dataset/raw/d0e2728d60648ef4903b2c0eddc3c4728f58eff0f8bedc44bf002a274e7fd7ba.jpg
d2c2e903dddb2889c4c0c66f0e5dcaab30a1f5fb211624768d166d8f5e999b8f,https://raw.githubusercontent.com/indutny/resistenz/master/dataset/raw/d2c2e903dddb2889c4c0c66f0e5dcaab30a1f5fb211624768d166d8f5e999b8f.jpg
d3aa3c34eb757a301197fe775a0966e86cfd0f144f917c60b127c260e34814f9,https://raw.githubusercontent.com/indutny/resistenz/master/dataset/raw/d3aa3c34eb757a301197fe775a0966e86cfd0f144f917c60b127c260e34814f9.jpg
d44e204072461ecf39e9870de6b9b15794325643e622e4dcc6edf0740ed643f8,https://raw.githubusercontent.com/indutny/resistenz/master/dataset/raw/d44e204072461ecf39e9870de6b9b15794325643e622e4dcc6edf0740ed643f8.jpg
d4cdcc0e1256619034379ef96e35f25f028eb609c1f04fa232b444b6d7401d07,https://raw.githubusercontent.com/indutny/resistenz/master/dataset/raw/d4cdcc0e1256619034379ef96e35f25f028eb609c1f04fa232b444b6d7401d07.jpg
d4e137884a2dd3a7461c448abf2610f34ddf410e3f16d472b15ae6d587eb6d11,https://raw.githubusercontent.com/indutny/resistenz/master/dataset/raw/d4e137884a2dd3a7461c448abf2610f34ddf410e3f16d472b15ae6d587eb6d11.jpg
d5342132b8cbd69c2a4437a5918e7a142d755dbf119a054f346a85ce50d2f173,https://raw.githubusercontent.com/indutny/resistenz/master/dataset/raw/d5342132b8cbd69c2a4437a5918e7a142d755dbf119a054f346a85ce50d2f173.jpg
d540f7ec420c6a37cc8635012e0f8b2657a577cfc1029211a3a5863a8bad246e,https://raw.githubusercontent.com/indutny/resistenz/master/dataset/raw/d540f7ec420c6a37cc8635012e0f8b2657a577cfc1029211a3a5863a8bad246e.jpg
d578dc3c5fbb731a0747f38e4313bb4387ddbe1f801618cf31e5640aafa1cdf5,https://raw.githubusercontent.com/indutny/resistenz/master/dataset/raw/d578dc3c5fbb731a0747f38e4313bb4387ddbe1f801618cf31e5640aafa1cdf5.jpg
d5ace824487fbbf2ac39d6d4f0251fe559466eb0ce00a5026f9f0730a79a3591,https://raw.githubusercontent.com/indutny/resistenz/master/dataset/raw/d5ace824487fbbf2ac39d6d4f0251fe559466eb0ce00a5026f9f0730a79a3591.jpg
d5b30ffb19e37a35836b5b7e9ce20b6f3285de3862e89eea978bc399f3f4addc,https://raw.githubusercontent.com/indutny/resistenz/master/dataset/raw/d5b30ffb19e37a35836b5b7e9ce20b6f3285de3862e89eea978bc399f3f4addc.jpg
d5efa15cade904f92a3ee0f63d50443b6c76076ccef583c713638d62542eb636,https://raw.githubusercontent.com/indutny/resistenz/master/dataset/raw/d5efa15cade904f92a3ee0f63d50443b6c76076ccef583c713638d62542eb636.jpg
d7917988df426881edc45565f524acc736909d12dcdea88eeddb73195fbfa855,https://raw.githubusercontent.com/indutny/resistenz/master/dataset/raw/d7917988df426881edc45565f524acc736909d12dcdea88eeddb73195fbfa855.jpg
d8c73697336e0b3473a5005a836a117ca0286bd3fa57876b4aa2580ef145dc22,https://raw.githubusercontent.com/indutny/resistenz/master/dataset/raw/d8c73697336e0b3473a5005a836a117ca0286bd3fa57876b4aa2580ef145dc22.jpg
d8ed6b37812e92aa6c600cc1538b00e3ccdddc54b910d9fdb40a0406e62ba735,https://raw.githubusercontent.com/indutny/resistenz/master/dataset/raw/d8ed6b37812e92aa6c600cc1538b00e3ccdddc54b910d9fdb40a0406e62ba735.jpg
d8f8c93a8e9a6fcf663231a6055b176cb5ccbf2a54e6bb34ec47bf397778229f,https://raw.githubusercontent.com/indutny/resistenz/master/dataset/raw/d8f8c93a8e9a6fcf663231a6055b176cb5ccbf2a54e6bb34ec47bf397778229f.jpg
d9549c9750e4c77ad1bbc7a7cfd2a8f1c81bf466a0c297daf49f65020625ff44,https://raw.githubusercontent.com/indutny/resistenz/master/dataset/raw/d9549c9750e4c77ad1bbc7a7cfd2a8f1c81bf466a0c297daf49f65020625ff44.jpg
da7e28e3d7f225f1202826932e02a37d8b9528a8775e336e3b3ef6c5a069f6c2,https://raw.githubusercontent.com/indutny/resistenz/master/dataset/raw/da7e28e3d7f225f1202826932e02a37d8b9528a8775e336e3b3ef6c5a069f6c2.jpg
da979d8b1cd715c6c40f3baefc321ec121e72532a386fe503e2b057c6cfb384b,https://raw.githubusercontent.com/indutny/resistenz/master/dataset/raw/da979d8b1cd715c6c40f3baefc321ec121e72532a386fe503e2b057c6cfb384b.jpg
dc9a0c520a12247de4340d16f588039b398e06fce50977bff5e39d5cb92f73f4,https://raw.githubusercontent.com/indutny/resistenz/master/dataset/raw/dc9a0c520a12247de4340d16f588039b398e06fce50977bff5e39d5cb92f73f4.jpg
ddf4f7673959c60dbb58ba705d7010abaf4bd21902dcc489034e4956e2238b77,https://raw.githubusercontent.com/indutny/resistenz/master/dataset/raw/ddf4f7673959c60dbb58ba705d7010abaf4bd21902dcc489034e4956e2238b77.jpg
de1d93b828676bcb8d7975fd9f740ec9e47bdc1f642eb6840579394ea5a92605,https://raw.githubusercontent.com/indutny/resistenz/master/dataset/raw/de1d93b828676bcb8d7975fd9f740ec9e47bdc1f642eb6840579394ea5a92605.jpg
de38f2511066c74d8013d8a9392ab434e9c2cdc2d51e75d9a2f00f97cec734e3,https://raw.githubusercontent.com/indutny/resistenz/master/dataset/raw/de38f2511066c74d8013d8a9392ab434e9c2cdc2d51e75d9a2f00f97cec734e3.jpg
de5209f1a8110c1fbb5d192dd498781f1fc18a66c8d39491427f510e762dba48,https://raw.githubusercontent.com/indutny/resistenz/master/dataset/raw/de5209f1a8110c1fbb5d192dd498781f1fc18a66c8d39491427f510e762dba48.jpg
df0222d5edf332ce9698bf91cd3ffa967c864e9114bcb77d241dc3dadefd394a,https://raw.githubusercontent.com/indutny/resistenz/master/dataset/raw/df0222d5edf332ce9698bf91cd3ffa967c864e9114bcb77d241dc3dadefd394a.jpg
e098b068895107f55e2b46e9d5417c2928d1c08b41fb9352e4c4ed7f5abde9a4,https://raw.githubusercontent.com/indutny/resistenz/master/dataset/raw/e098b068895107f55e2b46e9d5417c2928d1c08b41fb9352e4c4ed7f5abde9a4.jpg
e10fcb8786a7fb7ccfbd6a7ea9b350b425456ef970914388b961bf4eab1b02f7,https://raw.githubusercontent.com/indutny/resistenz/master/dataset/raw/e10fcb8786a7fb7ccfbd6a7ea9b350b425456ef970914388b961bf4eab1b02f7.jpg
e1bfbc811f61c0e0d546a57caacfcd813e67ba4fa89a04548dd1698410e989a4,https://raw.githubusercontent.com/indutny/resistenz/master/dataset/raw/e1bfbc811f61c0e0d546a57caacfcd813e67ba4fa89a04548dd1698410e989a4.jpg
e203c268e8fb669963330ad09176b9cc692405e6fa447220a82b5c9fcfad0ec5,https://raw.githubusercontent.com/indutny/resistenz/master/dataset/raw/e203c268e8fb669963330ad09176b9cc692405e6fa447220a82b5c9fcfad0ec5.jpg
e3abd3266a50515de43461dc6bc46d7ce04396849495e91211a46fdb0dbbb54f,https://raw.githubusercontent.com/indutny/resistenz/master/dataset/raw/e3abd3266a50515de43461dc6bc46d7ce04396849495e91211a46fdb0dbbb54f.jpg
e3b3f82d7249e8af8769ba2b1f4c22c785b417f8a91a4f4b54585bd00d439275,https://raw.githubusercontent.com/indutny/resistenz/master/dataset/raw/e3b3f82d7249e8af8769ba2b1f4c22c785b417f8a91a4f4b54585bd00d439275.jpg
e3be9266b39dd3412e633f2aa25eb23847a2dd86fc283c5151547f566390f21f,https://raw.githubusercontent.com/indutny/resistenz/master/dataset/raw/e3be9266b39dd3412e633f2aa25eb23847a2dd86fc283c5151547f566390f21f.jpg
e41fc87791ccd66a5a2875e6e4e9900d0887c4b51405692a0dbfe7cb83a4b3b6,https://raw.githubusercontent.com/indutny/resistenz/master/dataset/raw/e41fc87791ccd66a5a2875e6e4e9900d0887c4b51405692a0dbfe7cb83a4b3b6.jpg
e4280254baea5127b3c23e5b836c73511097c731763818447d7e489d6f388f0d,https://raw.githubusercontent.com/indutny/resistenz/master/dataset/raw/e4280254baea5127b3c23e5b836c73511097c731763818447d7e489d6f388f0d.jpg
e432cc7add46a5faf063862427fb13ca45fd888c3b2ace00261a1c7bc1ab38ec,https://raw.githubusercontent.com/indutny/resistenz/master/dataset/raw/e432cc7add46a5faf063862427fb13ca45fd888c3b2ace00261a1c7bc1ab38ec.jpg
e5057f8fe8ba0e017dcccf73981bd387fdfa37af7d4ce4e098e2ddb3c49cf6fd,https://raw.githubusercontent.com/indutny/resistenz/master/dataset/raw/e5057f8fe8ba0e017dcccf73981bd387fdfa37af7d4ce4e098e2ddb3c49cf6fd.jpg
e6730749a6a57e890d7103addbaa0f9f36c6224b4afc2b2c0a9d61d28e9bb469,https://raw.githubusercontent.com/indutny/resistenz/master/dataset/raw/e6730749a6a57e890d7103addbaa0f9f36c6224b4afc2b2c0a9d61d28e9bb469.jpg
e6a6553c34b4b9e7acd7218d3189b1bd3fb900bdd13e4b415e0d687c034c114a,https://raw.githubusercontent.com/indutny/resistenz/master/dataset/raw/e6a6553c34b4b9e7acd7218d3189b1bd3fb900bdd13e4b415e0d687c034c114a.jpg
e6b39e6401d84f0d25f268b60c4aed9d83ac9b547cc8c1e8179e8c6115fa4f98,https://raw.githubusercontent.com/indutny/resistenz/master/dataset/raw/e6b39e6401d84f0d25f268b60c4aed9d83ac9b547cc8c1e8179e8c6115fa4f98.jpg
e7424b5f980d9bd722ae93e1246b9a292161a31a310e71d6098b1f5ab3428b03,https://raw.githubusercontent.com/indutny/resistenz/master/dataset/raw/e7424b5f980d9bd722ae93e1246b9a292161a31a310e71d6098b1f5ab3428b03.jpg
e7be6c19faeb7916c5c78590eaf636908e7f22a3e68c800c586599d101774186,https://raw.githubusercontent.com/indutny/resistenz/master/dataset/raw/e7be6c19faeb7916c5c78590eaf636908e7f22a3e68c800c586599d101774186.jpg
e9b69a857c597758336378844009b983eea1ae886797ed1a27c47c0c5704090f,https://raw.githubusercontent.com/indutny/resistenz/master/dataset/raw/e9b69a857c597758336378844009b983eea1ae886797ed1a27c47c0c5704090f.jpg
eb661d131fb4dcd9d56633e93bfe4aa79152326bcb850f84da3074a1ca193de0,https://raw.githubusercontent.com/indutny/resistenz/master/dataset/raw/eb661d131fb4dcd9d56633e93bfe4aa79152326bcb850f84da3074a1ca193de0.jpg
ed8d3589c0ea307e6048a16adc6333e86daaf6bab6e9fc67428ffdbbc3bb09cd,https://raw.githubusercontent.com/indutny/resistenz/master/dataset/raw/ed8d3589c0ea307e6048a16adc6333e86daaf6bab6e9fc67428ffdbbc3bb09cd.jpg
ee7111d93a90b2559c910416c84757eebb2881ef1c08a0cc5e7264ea4f3867cc,https://raw.githubusercontent.com/indutny/resistenz/master/dataset/raw/ee7111d93a90b2559c910416c84757eebb2881ef1c08a0cc5e7264ea4f3867cc.jpg
f03fe43287f243d5105fdc5b9936760eb5809b57686b8ecfaad57634cd302d24,https://raw.githubusercontent.com/indutny/resistenz/master/dataset/raw/f03fe43287f243d5105fdc5b9936760eb5809b57686b8ecfaad57634cd302d24.jpg
f2b4cda6dbc4be028dc93315d592f04008145f1d95abc3bb79973bdecb724214,https://raw.githubusercontent.com/indutny/resistenz/master/dataset/raw/f2b4cda6dbc4be028dc93315d592f04008145f1d95abc3bb79973bdecb724214.jpg
f3a8f730dd9de276e50922f92db072a5ba1eb506e353b06a7c0169da18827d83,https://raw.githubusercontent.com/indutny/resistenz/master/dataset/raw/f3a8f730dd9de276e50922f92db072a5ba1eb506e353b06a7c0169da18827d83.jpg
f3f55d0c8faca5fb7157b60e002cc0e2b66d563e520e79bff23a4d5624766983,https://raw.githubusercontent.com/indutny/resistenz/master/dataset/raw/f3f55d0c8faca5fb7157b60e002cc0e2b66d563e520e79bff23a4d5624766983.jpg
f4e46a082343f5c04f94594e0d96aaa3fc498dfeecb37d0aea12c94208c09ed3,https://raw.githubusercontent.com/indutny/resistenz/master/dataset/raw/f4e46a082343f5c04f94594e0d96aaa3fc498dfeecb37d0aea12c94208c09ed3.jpg
f500c44ab29a0c4f47556667a187707a13024b7122023bad536788988261a714,https://raw.githubusercontent.com/indutny/resistenz/master/dataset/raw/f500c44ab29a0c4f47556667a187707a13024b7122023bad536788988261a714.jpg
f70882615ef6456eff26823a2b4216d5cf9f7a13e8059740382c5e624dfbee58,https://raw.githubusercontent.com/indutny/resistenz/master/dataset/raw/f70882615ef6456eff26823a2b4216d5cf9f7a13e8059740382c5e624dfbee58.jpg
f77a6d52f6ada62e3c291019d5687f82a503ec3cfa8aa7e8fea3388fc4530525,https://raw.githubusercontent.com/indutny/resistenz/master/dataset/raw/f77a6d52f6ada62e3c291019d5687f82a503ec3cfa8aa7e8fea3388fc4530525.jpg
f783681e462ecde792edb39591cef2fa11e3ae679ca2e802a51b02824ac00049,https://raw.githubusercontent.com/indutny/resistenz/master/dataset/raw/f783681e462ecde792edb39591cef2fa11e3ae679ca2e802a51b02824ac00049.jpg
f7f8318b49fe0825ece642defa32443ebab8dd5548caa316fdb5e7eab015da53,https://raw.githubusercontent.com/indutny/resistenz/master/dataset/raw/f7f8318b49fe0825ece642defa32443ebab8dd5548caa316fdb5e7eab015da53.jpg
f9b8763faa239bbeeaa7ee3e94d028a95c0c2ce033a47e8f72b9006b2ef71c32,https://raw.githubusercontent.com/indutny/resistenz/master/dataset/raw/f9b8763faa239bbeeaa7ee3e94d028a95c0c2ce033a47e8f72b9006b2ef71c32.jpg
fadf3f7f1e4108c343a9733ea30e682bd2bd1ea125c4f21e6824f38674568d22,https://raw.githubusercontent.com/indutny/resistenz/master/dataset/raw/fadf3f7f1e4108c343a9733ea30e682bd2bd1ea125c4f21e6824f38674568d22.jpg
fbb18da461069bcebbf1b3054f53d34a5ce8e468d5a160f0b8126bdd1784e66a,https://raw.githubusercontent.com/indutny/resistenz/master/dataset/raw/fbb18da461069bcebbf1b3054f53d34a5ce8e468d5a160f0b8126bdd1784e66a.jpg
fbc2273439cbc7dcf456cdb9f6fd6917f10fc9a434be422141fc03cfa628c72a,https://raw.githubusercontent.com/indutny/resistenz/master/dataset/raw/fbc2273439cbc7dcf456cdb9f6fd6917f10fc9a434be422141fc03cfa628c72a.jpg
fd15c03b5f49a672d52445795fdca371d41421f1a68c88354445e4bfcc04bacc,https://raw.githubusercontent.com/indutny/resistenz/master/dataset/raw/fd15c03b5f49a672d52445795fdca371d41421f1a68c88354445e4bfcc04bacc.jpg
fd2a51e839be16c1a35bee8e4f24166b0f86328153bc611ff789f290361fbd37,https://raw.githubusercontent.com/indutny/resistenz/master/dataset/raw/fd2a51e839be16c1a35bee8e4f24166b0f86328153bc611ff789f290361fbd37.jpg
ff33fdc6aa01bc4b917cd8aaaa655b1bf687cd476c065f195fd5a9d1810b78b5,https://raw.githubusercontent.com/indutny/resistenz/master/dataset/raw/ff33fdc6aa01bc4b917cd8aaaa655b1bf687cd476c065f195fd5a9d1810b78b5.jpg
ff924bbf3b200feb962f5fcc30ec0904dd341bc48a58c3cce6c9c4f7fc3ca8dd,https://raw.githubusercontent.com/indutny/resistenz/master/dataset/raw/ff924bbf3b200feb962f5fcc30ec0904dd341bc48a58c3cce6c9c4f7fc3ca8dd.jpg
ffa6baa6b5a722940330e07975e335711e7320faf27018710ac387454e4f8c37,https://raw.githubusercontent.com/indutny/resistenz/master/dataset/raw/ffa6baa6b5a722940330e07975e335711e7320faf27018710ac387454e4f8c37.jpg
ffd76a344972cd06e0217e16ffa9548c3bb14319e78ddf0dae2095b6222bdb4c,https://raw.githubusercontent.com/indutny/resistenz/master/dataset/raw/ffd76a344972cd06e0217e16ffa9548c3bb14319e78ddf0dae2095b6222bdb4c.jpg

